Start,End,Duration (seconds),Equipment,Height (m),Methane Emission (kg/h),Type,Emission Category
3/1/2023 3:10,3/1/2023 4:55,6299,Separator,1.4,0.1999,Separator Pneumatic Emissions,Vented
3/1/2023 3:10,3/1/2023 6:10,10800,Well Head,0.1,0.1928,Wellhead Component Leak,Fugitive
3/1/2023 4:55,3/1/2023 6:10,4501,Separator,1.4,0.2,Separator Pneumatic Emissions,Vented
3/1/2023 11:07,3/1/2023 14:54,13627,Well Head,1.9,0.2071,Wellhead Component Leak,Fugitive
3/1/2023 11:07,3/1/2023 14:54,13608,Well Head,0.92,0.2258,Wellhead Component Leak,Fugitive
3/1/2023 11:08,3/1/2023 11:15,437,Compressor,1.7,0.603,Rod Packing vent (OP),Vented
3/1/2023 11:08,3/1/2023 11:08,8,Well Head,1,0.1071,Wellhead Component Leak,Fugitive
3/1/2023 11:08,3/1/2023 11:15,412,Well Head,1,0.4343,Wellhead Component Leak,Fugitive
3/1/2023 11:08,3/1/2023 11:09,22,Well Head,1.1,0.0821,Wellhead Pneumatic Emissions,Vented
3/1/2023 11:08,3/1/2023 14:54,13528,Well Head,0.1,0.2139,Wellhead Component Leak,Fugitive
3/1/2023 11:14,3/1/2023 14:54,13188,Well Head,1.1,0.1952,Wellhead Component Leak,Fugitive
3/1/2023 11:15,3/1/2023 14:54,13153,Well Head,1,0.1071,Wellhead Component Leak,Fugitive
3/1/2023 11:15,3/1/2023 14:54,13143,Compressor,1.7,0.2659,Rod Packing vent (OP),Vented
3/1/2023 12:05,3/1/2023 12:10,335,Tank,5.4,0.3193,Tank Thief Hatch Leak,Fugitive
3/1/2023 12:10,3/1/2023 12:11,28,Tank,5.4,1.0266,Tank Thief Hatch Leak,Fugitive
3/1/2023 12:11,3/1/2023 12:32,1253,Tank,4.8,2.4334,Tank Battery Vent Leak,Fugitive
3/1/2023 12:32,3/1/2023 12:32,8,Tank,5.4,0.3193,Tank Thief Hatch Leak,Fugitive
3/1/2023 12:32,3/1/2023 13:08,2151,Tank,5.4,0.8648,Tank Thief Hatch Leak,Fugitive
3/1/2023 13:08,3/1/2023 13:22,814,Tank,4.8,2.8095,Tank Battery Vent Leak,Fugitive
3/1/2023 13:22,3/1/2023 14:54,5530,Tank,5.4,0.8587,Tank Thief Hatch Leak,Fugitive
3/2/2023 15:08,3/2/2023 17:08,7201,Tank,5.5,2.511,Tank Battery Vent Leak,Fugitive
3/2/2023 19:08,3/2/2023 19:38,1799,Separator,0.6,1.7223,Separator Component Leak,Fugitive
3/2/2023 19:38,3/2/2023 22:08,9000,Separator,0.6,1.7489,Separator Component Leak,Fugitive
3/2/2023 23:08,3/3/2023 1:38,8999,Well Head,1.3,1.7978,Wellhead Component Leak,Fugitive
3/3/2023 1:00,3/3/2023 1:38,2311,Well Head,1.3,1.804,Wellhead Component Leak,Fugitive
3/3/2023 1:38,3/3/2023 3:08,5400,Well Head,1.3,1.805,Wellhead Component Leak,Fugitive
3/3/2023 4:08,3/3/2023 7:08,10800,Separator,3.1,0.9075,Separator Component Leak,Fugitive
3/3/2023 8:08,3/3/2023 9:23,4500,Well Head,0.6,0.0152,Wellhead Pneumatic Emissions,Vented
3/3/2023 9:23,3/3/2023 10:23,3600,Well Head,0.6,0.0113,Wellhead Pneumatic Emissions,Vented
3/3/2023 10:23,3/3/2023 11:08,2700,Well Head,0.6,0.0085,Wellhead Pneumatic Emissions,Vented
3/3/2023 11:08,3/3/2023 11:23,900,Well Head,0.6,0.0068,Wellhead Pneumatic Emissions,Vented
3/3/2023 11:23,3/3/2023 12:08,2700,Well Head,0.6,0.0063,Wellhead Pneumatic Emissions,Vented
3/4/2023 12:17,3/4/2023 13:02,2699,Tank,4.7,3.1934,Tank Battery Vent Leak,Fugitive
3/4/2023 13:02,3/4/2023 13:17,900,Tank,4.7,3.1961,Tank Battery Vent Leak,Fugitive
3/4/2023 16:17,3/4/2023 17:47,5400,Well Head,0.6,2.5323,Wellhead Component Leak,Fugitive
3/4/2023 22:17,3/4/2023 23:17,3600,Separator,0.6,1.7211,Separator Component Leak,Fugitive
3/5/2023 3:17,3/5/2023 4:47,5400,Separator,1.7,3.0621,Separator Component Leak,Fugitive
3/5/2023 9:17,3/5/2023 10:17,3600,Well Head,1.3,1.7141,Wellhead Component Leak,Fugitive
3/5/2023 14:17,3/5/2023 15:17,3601,Tank,4.7,3.2192,Tank Battery Vent Leak,Fugitive
3/5/2023 19:17,3/5/2023 20:17,3599,Well Head,1.5,0.5127,Wellhead Component Leak,Fugitive
3/5/2023 20:17,3/5/2023 21:17,3601,Well Head,1.5,0.5086,Wellhead Component Leak,Fugitive
3/6/2023 1:17,3/6/2023 2:17,3600,Separator,0.8,0.7683,Separator Component Leak,Fugitive
3/6/2023 12:30,3/6/2023 12:45,900,Tank,5.5,1.3513,Tank Thief Hatch Leak,Fugitive
3/6/2023 12:45,3/6/2023 14:47,7313,Tank,5.5,1.3009,Tank Thief Hatch Leak,Fugitive
3/6/2023 17:01,3/6/2023 18:31,5401,Separator,1.5,0.6388,Separator Component Leak,Fugitive
3/6/2023 17:01,3/6/2023 19:01,7200,Separator,0.5,0.7702,Separator Component Leak,Fugitive
3/6/2023 18:31,3/6/2023 19:01,1800,Separator,1.5,0.6462,Separator Component Leak,Fugitive
3/6/2023 21:01,3/6/2023 22:01,3600,Tank,4.6,1.7528,Tank Thief Hatch Leak,Fugitive
3/7/2023 1:01,3/7/2023 1:04,181,Tank,4.7,0.6862,Tank Thief Hatch Leak,Fugitive
3/7/2023 1:01,3/7/2023 1:04,180,Well Head,0,0.2952,Wellhead Component Leak,Fugitive
3/7/2023 1:05,3/7/2023 1:08,180,Well Head,1.2,0.3368,Wellhead Component Leak,Fugitive
3/7/2023 1:08,3/7/2023 1:53,2699,Well Head,1.2,0.3368,Wellhead Component Leak,Fugitive
3/7/2023 1:08,3/7/2023 1:53,2699,Tank,4.7,0.6862,Tank Thief Hatch Leak,Fugitive
3/7/2023 1:08,3/7/2023 3:08,7200,Well Head,0,0.2981,Wellhead Component Leak,Fugitive
3/7/2023 1:53,3/7/2023 2:08,900,Well Head,1.2,0.3368,Wellhead Component Leak,Fugitive
3/7/2023 1:53,3/7/2023 2:08,900,Tank,4.7,0.6862,Tank Thief Hatch Leak,Fugitive
3/7/2023 2:08,3/7/2023 2:38,1800,Well Head,1.2,0.3368,Wellhead Component Leak,Fugitive
3/7/2023 2:08,3/7/2023 2:38,1800,Tank,4.7,0.6862,Tank Thief Hatch Leak,Fugitive
3/7/2023 2:38,3/7/2023 2:53,900,Well Head,1.2,0.3368,Wellhead Component Leak,Fugitive
3/7/2023 2:38,3/7/2023 2:53,900,Tank,4.7,0.6862,Tank Thief Hatch Leak,Fugitive
3/7/2023 2:53,3/7/2023 3:08,900,Well Head,1.2,0.3368,Wellhead Component Leak,Fugitive
3/7/2023 2:53,3/7/2023 3:08,900,Tank,4.7,0.6862,Tank Thief Hatch Leak,Fugitive
3/7/2023 6:08,3/7/2023 7:08,3600,Separator,0.6,1.1063,Separator Component Leak,Fugitive
3/7/2023 7:08,3/7/2023 7:38,1800,Separator,0.6,1.1164,Separator Component Leak,Fugitive
3/7/2023 10:38,3/7/2023 11:38,3600,Well Head,0.9,0.7533,Wellhead Component Leak,Fugitive
3/7/2023 10:38,3/7/2023 12:08,5400,Well Head,0.4,0.5808,Wellhead Component Leak,Fugitive
3/7/2023 11:38,3/7/2023 12:08,1801,Well Head,0.9,0.7523,Wellhead Component Leak,Fugitive
3/7/2023 14:08,3/7/2023 15:08,3600,Tank,4.6,1.7064,Tank Thief Hatch Leak,Fugitive
3/7/2023 18:08,3/7/2023 18:53,2700,Separator,1.5,0.63,Separator Component Leak,Fugitive
3/7/2023 18:08,3/7/2023 19:38,5399,Separator,0.5,0.758,Separator Component Leak,Fugitive
3/7/2023 18:53,3/7/2023 19:23,1800,Separator,1.5,0.6358,Separator Component Leak,Fugitive
3/7/2023 19:23,3/7/2023 19:38,900,Separator,1.5,0.6365,Separator Component Leak,Fugitive
3/7/2023 21:38,3/7/2023 21:41,180,Separator,0.5,0.2878,Separator Pneumatic Emissions,Vented
3/7/2023 21:38,3/7/2023 21:41,180,Separator,1.3,0.0266,Separator Pneumatic Emissions,Vented
3/7/2023 21:42,3/7/2023 21:45,181,Tank,5.5,0.6706,Tank Thief Hatch Leak,Fugitive
3/7/2023 21:45,3/7/2023 22:00,900,Separator,1.3,0.0266,Separator Pneumatic Emissions,Vented
3/7/2023 21:45,3/7/2023 22:00,900,Tank,5.5,0.6706,Tank Thief Hatch Leak,Fugitive
3/7/2023 21:45,3/7/2023 22:45,3600,Separator,0.5,0.2895,Separator Pneumatic Emissions,Vented
3/7/2023 22:00,3/7/2023 22:15,900,Separator,1.3,0.0266,Separator Pneumatic Emissions,Vented
3/7/2023 22:00,3/7/2023 22:15,900,Tank,5.5,0.6706,Tank Thief Hatch Leak,Fugitive
3/7/2023 22:15,3/7/2023 22:45,1800,Separator,1.3,0.0266,Separator Pneumatic Emissions,Vented
3/7/2023 22:15,3/7/2023 22:45,1800,Tank,5.5,0.6706,Tank Thief Hatch Leak,Fugitive
3/8/2023 1:45,3/8/2023 2:45,3601,Well Head,0,1.1691,Wellhead Component Leak,Fugitive
3/8/2023 4:45,3/8/2023 5:15,1799,Separator,1.3,0.5113,Separator Component Leak,Fugitive
3/8/2023 4:45,3/8/2023 6:15,5400,Well Head,1.1,0.452,Wellhead Component Leak,Fugitive
3/8/2023 5:15,3/8/2023 6:15,3601,Separator,1.3,0.518,Separator Component Leak,Fugitive
3/8/2023 11:01,3/8/2023 11:46,2700,Well Head,1.5,0.4938,Wellhead Component Leak,Fugitive
3/8/2023 11:01,3/8/2023 12:16,4500,Separator,1.2,0.4389,Separator Component Leak,Fugitive
3/8/2023 11:46,3/8/2023 14:01,8100,Well Head,1.5,0.4959,Wellhead Component Leak,Fugitive
3/8/2023 12:16,3/8/2023 14:01,6300,Separator,1.2,0.44,Separator Component Leak,Fugitive
3/8/2023 16:57,3/8/2023 17:27,1799,Tank,4.6,1.7265,Tank Thief Hatch Leak,Fugitive
3/8/2023 17:27,3/8/2023 17:57,1801,Tank,4.6,1.748,Tank Thief Hatch Leak,Fugitive
3/8/2023 19:57,3/8/2023 20:00,180,Tank,4.7,0.6738,Tank Thief Hatch Leak,Fugitive
3/8/2023 19:57,3/8/2023 20:00,179,Well Head,0,0.2867,Wellhead Component Leak,Fugitive
3/8/2023 20:01,3/8/2023 20:04,181,Well Head,1.2,0.3316,Wellhead Component Leak,Fugitive
3/8/2023 20:04,3/8/2023 20:19,900,Well Head,0,0.2853,Wellhead Component Leak,Fugitive
3/8/2023 20:04,3/8/2023 20:19,899,Well Head,1.2,0.3316,Wellhead Component Leak,Fugitive
3/8/2023 20:04,3/8/2023 20:19,899,Tank,4.7,0.6738,Tank Thief Hatch Leak,Fugitive
3/8/2023 20:19,3/8/2023 20:34,900,Well Head,1.2,0.3316,Wellhead Component Leak,Fugitive
3/8/2023 20:19,3/8/2023 20:34,900,Tank,4.7,0.6738,Tank Thief Hatch Leak,Fugitive
3/8/2023 20:19,3/8/2023 20:49,1800,Well Head,0,0.2873,Wellhead Component Leak,Fugitive
3/8/2023 20:34,3/8/2023 21:04,1800,Well Head,1.2,0.3316,Wellhead Component Leak,Fugitive
3/8/2023 20:34,3/8/2023 21:04,1800,Tank,4.7,0.6738,Tank Thief Hatch Leak,Fugitive
3/8/2023 20:49,3/8/2023 22:04,4501,Well Head,0,0.293,Wellhead Component Leak,Fugitive
3/8/2023 21:04,3/8/2023 21:19,900,Well Head,1.2,0.3316,Wellhead Component Leak,Fugitive
3/8/2023 21:04,3/8/2023 21:19,900,Tank,4.7,0.6738,Tank Thief Hatch Leak,Fugitive
3/8/2023 21:19,3/8/2023 21:34,900,Well Head,1.2,0.3316,Wellhead Component Leak,Fugitive
3/8/2023 21:19,3/8/2023 21:34,900,Tank,4.7,0.6738,Tank Thief Hatch Leak,Fugitive
3/8/2023 21:34,3/8/2023 22:04,1800,Well Head,1.2,0.3316,Wellhead Component Leak,Fugitive
3/8/2023 21:34,3/8/2023 22:04,1800,Tank,4.7,0.6738,Tank Thief Hatch Leak,Fugitive
3/9/2023 1:04,3/9/2023 2:04,3600,Separator,1.7,1.1429,Separator Component Leak,Fugitive
3/9/2023 5:04,3/9/2023 5:49,2700,Well Head,1.5,0.4963,Wellhead Component Leak,Fugitive
3/9/2023 5:04,3/9/2023 6:49,6300,Separator,1.2,0.4477,Separator Component Leak,Fugitive
3/9/2023 5:49,3/9/2023 6:19,1800,Well Head,1.5,0.5037,Wellhead Component Leak,Fugitive
3/9/2023 6:19,3/9/2023 7:04,2700,Well Head,1.5,0.5082,Wellhead Component Leak,Fugitive
3/9/2023 6:49,3/9/2023 7:04,900,Separator,1.2,0.4559,Separator Component Leak,Fugitive
3/9/2023 10:04,3/9/2023 10:34,1801,Tank,4.6,1.6895,Tank Thief Hatch Leak,Fugitive
3/9/2023 12:34,3/9/2023 12:37,180,Well Head,0,0.2603,Wellhead Component Leak,Fugitive
3/9/2023 12:34,3/9/2023 12:37,179,Tank,4.7,0.6549,Tank Thief Hatch Leak,Fugitive
3/9/2023 12:38,3/9/2023 12:41,180,Well Head,1.2,0.3077,Wellhead Component Leak,Fugitive
3/9/2023 12:41,3/9/2023 13:11,1799,Well Head,1.2,0.3077,Wellhead Component Leak,Fugitive
3/9/2023 12:41,3/9/2023 13:11,1799,Tank,4.7,0.6549,Tank Thief Hatch Leak,Fugitive
3/9/2023 12:41,3/9/2023 13:26,2699,Well Head,0,0.2601,Wellhead Component Leak,Fugitive
3/9/2023 13:11,3/9/2023 13:56,2700,Well Head,1.2,0.3077,Wellhead Component Leak,Fugitive
3/9/2023 13:11,3/9/2023 13:56,2700,Tank,4.7,0.6549,Tank Thief Hatch Leak,Fugitive
3/9/2023 13:26,3/9/2023 14:11,2700,Well Head,0,0.2569,Wellhead Component Leak,Fugitive
3/9/2023 13:56,3/9/2023 14:11,901,Well Head,1.2,0.3077,Wellhead Component Leak,Fugitive
3/9/2023 13:56,3/9/2023 14:11,901,Tank,4.7,0.6549,Tank Thief Hatch Leak,Fugitive
3/9/2023 17:11,3/9/2023 17:41,1800,Separator,0.6,1.0495,Separator Component Leak,Fugitive
3/9/2023 17:41,3/9/2023 19:11,5401,Separator,0.6,1.0878,Separator Component Leak,Fugitive
3/9/2023 22:11,3/9/2023 22:26,900,Separator,1.3,0.5055,Separator Component Leak,Fugitive
3/9/2023 22:11,3/9/2023 23:41,5399,Well Head,1.1,0.4458,Wellhead Component Leak,Fugitive
3/9/2023 22:26,3/9/2023 22:41,900,Separator,1.3,0.5074,Separator Component Leak,Fugitive
3/9/2023 22:41,3/9/2023 23:11,1800,Separator,1.3,0.5117,Separator Component Leak,Fugitive
3/9/2023 23:11,3/9/2023 23:41,1800,Separator,1.3,0.5128,Separator Component Leak,Fugitive
3/10/2023 2:41,3/10/2023 4:26,6300,Separator,0.6,1.1113,Separator Component Leak,Fugitive
3/10/2023 4:26,3/10/2023 5:11,2700,Separator,0.6,1.1152,Separator Component Leak,Fugitive
3/10/2023 13:51,3/10/2023 14:06,900,Separator,0.1,0.0454,Separator Pneumatic Emissions,Vented
3/10/2023 13:51,3/10/2023 19:51,21599,Well Head,1,0.051,Wellhead Pneumatic Emissions,Vented
3/10/2023 14:06,3/10/2023 14:51,2700,Separator,0.1,0.0453,Separator Pneumatic Emissions,Vented
3/10/2023 14:51,3/10/2023 15:06,900,Separator,0.1,0.0453,Separator Pneumatic Emissions,Vented
3/10/2023 15:06,3/10/2023 16:21,4500,Separator,0.1,0.0456,Separator Pneumatic Emissions,Vented
3/10/2023 16:21,3/10/2023 20:51,16200,Separator,0.1,0.0463,Separator Pneumatic Emissions,Vented
3/10/2023 19:51,3/10/2023 21:21,5400,Well Head,1,0.0516,Wellhead Pneumatic Emissions,Vented
3/10/2023 20:51,3/10/2023 21:51,3600,Separator,0.1,0.0466,Separator Pneumatic Emissions,Vented
3/10/2023 21:21,3/10/2023 22:51,5400,Well Head,1,0.0516,Wellhead Pneumatic Emissions,Vented
3/10/2023 21:51,3/10/2023 22:51,3601,Separator,0.1,0.0467,Separator Pneumatic Emissions,Vented
3/11/2023 1:51,3/11/2023 6:51,17999,Tank,5.4,0.1338,Tank Thief Hatch Leak,Fugitive
3/11/2023 9:51,3/11/2023 9:54,179,Separator,0.1,0.1299,Separator Pneumatic Emissions,Vented
3/11/2023 9:51,3/11/2023 9:54,179,Separator,3.2,0.0999,Separator Pneumatic Emissions,Vented
3/11/2023 9:55,3/11/2023 9:58,180,Well Head,1.1,0.1029,Wellhead Component Leak,Fugitive
3/11/2023 9:58,3/11/2023 10:43,2699,Separator,0.1,0.1296,Separator Pneumatic Emissions,Vented
3/11/2023 9:58,3/11/2023 10:43,2700,Well Head,1.1,0.1029,Wellhead Component Leak,Fugitive
3/11/2023 9:58,3/11/2023 10:43,2700,Separator,3.2,0.0999,Separator Pneumatic Emissions,Vented
3/11/2023 10:43,3/11/2023 10:58,900,Separator,0.1,0.1295,Separator Pneumatic Emissions,Vented
3/11/2023 10:43,3/11/2023 10:58,900,Well Head,1.1,0.1029,Wellhead Component Leak,Fugitive
3/11/2023 10:43,3/11/2023 10:58,900,Separator,3.2,0.0999,Separator Pneumatic Emissions,Vented
3/11/2023 10:58,3/11/2023 11:13,901,Separator,0.1,0.1295,Separator Pneumatic Emissions,Vented
3/11/2023 10:58,3/11/2023 11:13,900,Well Head,1.1,0.1029,Wellhead Component Leak,Fugitive
3/11/2023 10:58,3/11/2023 11:13,900,Separator,3.2,0.0999,Separator Pneumatic Emissions,Vented
3/11/2023 11:13,3/11/2023 11:43,1800,Separator,0.1,0.1296,Separator Pneumatic Emissions,Vented
3/11/2023 11:13,3/11/2023 11:58,2700,Well Head,1.1,0.1029,Wellhead Component Leak,Fugitive
3/11/2023 11:13,3/11/2023 11:58,2700,Separator,3.2,0.0999,Separator Pneumatic Emissions,Vented
3/11/2023 11:43,3/11/2023 12:28,2700,Separator,0.1,0.1292,Separator Pneumatic Emissions,Vented
3/11/2023 11:58,3/11/2023 13:43,6300,Well Head,1.1,0.1029,Wellhead Component Leak,Fugitive
3/11/2023 11:58,3/11/2023 13:43,6300,Separator,3.2,0.0999,Separator Pneumatic Emissions,Vented
3/11/2023 12:28,3/11/2023 12:43,900,Separator,0.1,0.129,Separator Pneumatic Emissions,Vented
3/11/2023 12:43,3/11/2023 13:13,1799,Separator,0.1,0.1289,Separator Pneumatic Emissions,Vented
3/11/2023 13:13,3/11/2023 13:43,1801,Separator,0.1,0.129,Separator Pneumatic Emissions,Vented
3/11/2023 13:43,3/11/2023 13:58,900,Separator,0.1,0.1292,Separator Pneumatic Emissions,Vented
3/11/2023 13:43,3/11/2023 13:58,900,Well Head,1.1,0.1029,Wellhead Component Leak,Fugitive
3/11/2023 13:43,3/11/2023 13:58,900,Separator,3.2,0.0999,Separator Pneumatic Emissions,Vented
3/11/2023 16:58,3/11/2023 20:58,14399,Well Head,0.75,0.1007,Wellhead Component Leak,Fugitive
3/11/2023 20:58,3/11/2023 22:58,7201,Well Head,0.75,0.102,Wellhead Component Leak,Fugitive
3/12/2023 0:58,3/12/2023 1:28,1800,Separator,3.2,0.0447,Separator Pneumatic Emissions,Vented
3/12/2023 0:58,3/12/2023 6:28,16200,Separator,2.7,0.0935,Separator Pneumatic Emissions,Vented
3/12/2023 1:00,3/12/2023 1:28,1733,Separator,3.2,0.0447,Separator Pneumatic Emissions,Vented
3/12/2023 1:00,3/12/2023 6:28,16133,Separator,2.7,0.0935,Separator Pneumatic Emissions,Vented
3/12/2023 1:28,3/12/2023 3:13,2700,Separator,3.2,0.0448,Separator Pneumatic Emissions,Vented
3/12/2023 3:13,3/12/2023 4:28,4500,Separator,3.2,0.0447,Separator Pneumatic Emissions,Vented
3/12/2023 4:28,3/12/2023 5:58,5400,Separator,3.2,0.045,Separator Pneumatic Emissions,Vented
3/12/2023 5:58,3/12/2023 6:58,3600,Separator,3.2,0.0451,Separator Pneumatic Emissions,Vented
3/12/2023 5:58,3/12/2023 6:58,3601,Separator,3.2,0.0451,Separator Pneumatic Emissions,Vented
3/12/2023 6:28,3/12/2023 6:58,1800,Separator,2.7,0.0941,Separator Pneumatic Emissions,Vented
3/12/2023 9:59,3/12/2023 10:44,2700,Well Head,1.1,0.1051,Wellhead Component Leak,Fugitive
3/12/2023 10:44,3/12/2023 16:59,22500,Well Head,1.1,0.1044,Wellhead Component Leak,Fugitive
3/12/2023 19:59,3/12/2023 23:14,11699,Tank,5.4,0.135,Tank Thief Hatch Leak,Fugitive
3/12/2023 23:14,3/12/2023 23:59,2701,Tank,5.4,0.1353,Tank Thief Hatch Leak,Fugitive
3/13/2023 2:59,3/13/2023 3:14,900,Separator,0.1,0.0475,Separator Pneumatic Emissions,Vented
3/13/2023 2:59,3/13/2023 3:14,900,Well Head,1,0.0525,Wellhead Pneumatic Emissions,Vented
3/13/2023 3:14,3/13/2023 3:44,1799,Well Head,1,0.0525,Wellhead Pneumatic Emissions,Vented
3/13/2023 3:14,3/13/2023 6:59,13500,Separator,0.1,0.0476,Separator Pneumatic Emissions,Vented
3/13/2023 3:44,3/13/2023 4:59,4500,Well Head,1,0.0523,Wellhead Pneumatic Emissions,Vented
3/13/2023 4:59,3/13/2023 5:29,1800,Well Head,1,0.0525,Wellhead Pneumatic Emissions,Vented
3/13/2023 5:29,3/13/2023 6:14,2700,Well Head,1,0.0527,Wellhead Pneumatic Emissions,Vented
3/13/2023 6:14,3/13/2023 7:14,3601,Well Head,1,0.0527,Wellhead Pneumatic Emissions,Vented
3/13/2023 6:59,3/13/2023 8:14,4500,Separator,0.1,0.0475,Separator Pneumatic Emissions,Vented
3/13/2023 7:14,3/13/2023 7:29,899,Well Head,1,0.0527,Wellhead Pneumatic Emissions,Vented
3/13/2023 7:29,3/13/2023 8:44,4501,Well Head,1,0.0519,Wellhead Pneumatic Emissions,Vented
3/13/2023 8:14,3/13/2023 8:59,2700,Separator,0.1,0.047,Separator Pneumatic Emissions,Vented
3/13/2023 8:44,3/13/2023 8:59,901,Well Head,1,0.0517,Wellhead Pneumatic Emissions,Vented
3/13/2023 17:16,3/13/2023 18:01,2701,Tank,4.8,6.9445,Tank Battery Vent Leak,Fugitive
3/13/2023 21:01,3/13/2023 21:16,899,Well Head,1.3,0.0223,Wellhead Pneumatic Emissions,Vented
3/13/2023 21:01,3/13/2023 22:16,4499,Separator,0.5,0.0155,Separator Pneumatic Emissions,Vented
3/13/2023 21:16,3/13/2023 21:31,900,Well Head,1.3,0.026,Wellhead Pneumatic Emissions,Vented
3/13/2023 21:31,3/13/2023 23:01,5401,Well Head,1.3,0.0277,Wellhead Pneumatic Emissions,Vented
3/13/2023 22:16,3/13/2023 23:01,2700,Separator,0.5,0.0217,Separator Pneumatic Emissions,Vented
3/14/2023 1:01,3/14/2023 1:16,900,Tank,5.4,2.3875,Tank Battery Vent Leak,Fugitive
3/14/2023 1:16,3/14/2023 1:31,900,Tank,5.4,2.3777,Tank Battery Vent Leak,Fugitive
3/14/2023 1:31,3/14/2023 3:31,7200,Tank,5.4,2.4126,Tank Battery Vent Leak,Fugitive
3/14/2023 2:00,3/14/2023 3:31,5496,Tank,5.4,2.4152,Tank Battery Vent Leak,Fugitive
3/14/2023 6:31,3/14/2023 6:46,900,Separator,1.3,2.4137,Separator Component Leak,Fugitive
3/14/2023 6:46,3/14/2023 7:01,900,Separator,1.3,2.4088,Separator Component Leak,Fugitive
3/14/2023 7:01,3/14/2023 7:16,901,Separator,1.3,2.4255,Separator Component Leak,Fugitive
3/14/2023 9:16,3/14/2023 9:46,1800,Well Head,0.7,0.0232,Wellhead Pneumatic Emissions,Vented
3/14/2023 9:16,3/14/2023 9:31,899,Well Head,1,0.0147,Wellhead Pneumatic Emissions,Vented
3/14/2023 9:31,3/14/2023 11:01,5400,Well Head,1,0.0085,Wellhead Pneumatic Emissions,Vented
3/14/2023 9:46,3/14/2023 11:01,4500,Well Head,0.7,0.0166,Wellhead Pneumatic Emissions,Vented
3/14/2023 11:01,3/14/2023 11:16,901,Well Head,0.7,0.0121,Wellhead Pneumatic Emissions,Vented
3/14/2023 11:01,3/14/2023 11:16,901,Well Head,1,0.0029,Wellhead Pneumatic Emissions,Vented
3/14/2023 14:16,3/14/2023 15:16,3601,Tank,4.6,5.8915,Tank Battery Vent Leak,Fugitive
3/14/2023 17:16,3/14/2023 18:46,5400,Separator,2.2,5.0168,Separator Component Leak,Fugitive
3/14/2023 21:46,3/14/2023 22:31,2700,Well Head,0.15,0.0064,Wellhead Pneumatic Emissions,Vented
3/14/2023 21:46,3/14/2023 22:46,3599,Separator,1.3,2.1877,Separator Component Leak,Fugitive
3/14/2023 22:31,3/14/2023 22:46,901,Well Head,0.15,0.0092,Wellhead Pneumatic Emissions,Vented
3/15/2023 0:46,3/15/2023 1:31,2700,Tank,5.4,2.0768,Tank Battery Vent Leak,Fugitive
3/15/2023 1:31,3/15/2023 1:46,900,Tank,5.4,2.0893,Tank Battery Vent Leak,Fugitive
3/15/2023 1:46,3/15/2023 3:01,4500,Tank,5.4,2.0939,Tank Battery Vent Leak,Fugitive
3/15/2023 2:00,3/15/2023 3:01,3717,Tank,5.4,2.0944,Tank Battery Vent Leak,Fugitive
3/15/2023 3:01,3/15/2023 3:46,2700,Tank,5.4,2.0971,Tank Battery Vent Leak,Fugitive
3/15/2023 6:47,3/15/2023 7:32,2700,Separator,1.6,0.0197,Separator Pneumatic Emissions,Vented
3/15/2023 6:47,3/15/2023 8:47,7200,Separator,2.2,4.1345,Separator Component Leak,Fugitive
3/15/2023 7:32,3/15/2023 8:02,1800,Separator,1.6,0.0256,Separator Pneumatic Emissions,Vented
3/15/2023 8:02,3/15/2023 8:47,2701,Separator,1.6,0.0239,Separator Pneumatic Emissions,Vented
3/15/2023 10:47,3/15/2023 11:02,900,Tank,5.5,3.0481,Tank Battery Vent Leak,Fugitive
3/15/2023 11:02,3/15/2023 12:17,4501,Tank,5.5,3.0395,Tank Battery Vent Leak,Fugitive
3/15/2023 15:17,3/15/2023 16:02,2700,Well Head,1,0.0034,Wellhead Pneumatic Emissions,Vented
3/15/2023 15:17,3/15/2023 15:47,1799,Well Head,0.7,0.0051,Wellhead Pneumatic Emissions,Vented
3/15/2023 15:47,3/15/2023 16:32,2700,Well Head,0.7,0.0069,Wellhead Pneumatic Emissions,Vented
3/15/2023 16:02,3/15/2023 16:32,1800,Well Head,1,0.0035,Wellhead Pneumatic Emissions,Vented
3/15/2023 16:32,3/15/2023 17:17,2700,Well Head,0.7,0.0127,Wellhead Pneumatic Emissions,Vented
3/15/2023 16:32,3/15/2023 17:17,2701,Well Head,1,0.0041,Wellhead Pneumatic Emissions,Vented
3/15/2023 19:17,3/15/2023 20:47,5401,Tank,4.6,3.1734,Tank Battery Vent Leak,Fugitive
3/15/2023 23:47,3/16/2023 0:32,2700,Separator,1.3,2.3576,Separator Component Leak,Fugitive
3/16/2023 2:32,3/16/2023 4:32,7200,Separator,0.5,0.042,Separator Pneumatic Emissions,Vented
3/16/2023 2:32,3/16/2023 4:32,7200,Well Head,1.3,0.0331,Wellhead Pneumatic Emissions,Vented
3/16/2023 7:32,3/16/2023 9:02,5400,Tank,5.4,2.1217,Tank Battery Vent Leak,Fugitive
3/16/2023 9:02,3/16/2023 10:02,3601,Tank,5.4,2.1227,Tank Battery Vent Leak,Fugitive
3/16/2023 12:02,3/16/2023 12:18,965,Separator,1.6,0.0101,Separator Pneumatic Emissions,Vented
3/16/2023 12:02,3/16/2023 12:18,965,Separator,2.2,4.0464,Separator Component Leak,Fugitive
3/16/2023 15:18,3/16/2023 17:18,7200,Well Head,0.7,2.3703,Wellhead Component Leak,Fugitive
3/16/2023 15:18,3/16/2023 17:18,7200,Well Head,1,1.7082,Wellhead Component Leak,Fugitive
3/16/2023 19:18,3/16/2023 20:03,2700,Tank,4.6,6.0723,Tank Battery Vent Leak,Fugitive
3/16/2023 23:03,3/17/2023 0:03,3600,Well Head,0.15,1.7191,Wellhead Component Leak,Fugitive
3/16/2023 23:03,3/17/2023 0:03,3600,Separator,1.3,2.2517,Separator Component Leak,Fugitive
3/17/2023 2:03,3/17/2023 2:33,1799,Tank,4.8,5.2345,Tank Battery Vent Leak,Fugitive
3/17/2023 2:33,3/17/2023 3:03,1801,Tank,4.8,5.32,Tank Battery Vent Leak,Fugitive
3/17/2023 6:03,3/17/2023 6:48,2700,Separator,2.2,6.4411,Separator Component Leak,Fugitive
3/17/2023 8:48,3/17/2023 9:33,2700,Separator,0.5,1.7174,Separator Component Leak,Fugitive
3/17/2023 8:48,3/17/2023 10:48,7200,Well Head,1.3,2.359,Wellhead Component Leak,Fugitive
3/17/2023 9:33,3/17/2023 10:48,4500,Separator,0.5,1.7237,Separator Component Leak,Fugitive
3/17/2023 15:36,3/17/2023 16:00,1406,Well Head,0.15,0.0055,Wellhead Pneumatic Emissions,Vented
3/17/2023 15:36,3/17/2023 16:00,1406,Separator,1.3,3.3148,Separator Component Leak,Fugitive
3/17/2023 16:00,3/17/2023 17:06,3993,Separator,1.3,1.6689,Separator Component Leak,Fugitive
3/17/2023 16:00,3/17/2023 17:36,5794,Well Head,0.15,3.3719,Wellhead Component Leak,Fugitive
3/17/2023 17:06,3/17/2023 17:21,900,Separator,1.3,1.6734,Separator Component Leak,Fugitive
3/17/2023 17:21,3/17/2023 17:36,900,Separator,1.3,1.6741,Separator Component Leak,Fugitive
3/17/2023 22:36,3/17/2023 23:06,1799,Tank,5.5,3.1468,Tank Battery Vent Leak,Fugitive
3/17/2023 23:06,3/17/2023 23:36,1800,Tank,5.5,3.1942,Tank Battery Vent Leak,Fugitive
3/17/2023 23:36,3/18/2023 0:36,3601,Tank,5.5,3.2105,Tank Battery Vent Leak,Fugitive
3/18/2023 5:36,3/18/2023 6:21,2700,Well Head,0.7,2.3891,Wellhead Component Leak,Fugitive
3/18/2023 5:36,3/18/2023 8:36,10800,Well Head,1,3.4008,Wellhead Component Leak,Fugitive
3/18/2023 6:21,3/18/2023 8:36,8100,Well Head,0.7,2.4072,Wellhead Component Leak,Fugitive
3/18/2023 13:36,3/18/2023 15:36,7200,Tank,4.7,3.4996,Tank Battery Vent Leak,Fugitive
3/18/2023 20:36,3/18/2023 20:51,900,Separator,1.6,2.1885,Separator Component Leak,Fugitive
3/18/2023 20:36,3/18/2023 21:06,1799,Well Head,1.3,2.3942,Wellhead Component Leak,Fugitive
3/18/2023 20:51,3/18/2023 22:36,6300,Separator,1.6,2.2272,Separator Component Leak,Fugitive
3/18/2023 21:06,3/18/2023 22:36,5400,Well Head,1.3,2.4206,Wellhead Component Leak,Fugitive
3/18/2023 22:36,3/18/2023 22:51,900,Well Head,1.3,2.4224,Wellhead Component Leak,Fugitive
3/18/2023 22:36,3/18/2023 23:06,1800,Separator,1.6,2.2371,Separator Component Leak,Fugitive
3/18/2023 22:51,3/18/2023 23:06,901,Well Head,1.3,2.4235,Wellhead Component Leak,Fugitive
3/19/2023 4:06,3/19/2023 7:06,10800,Tank,5.4,2.4289,Tank Battery Vent Leak,Fugitive
3/19/2023 12:06,3/19/2023 13:06,3599,Separator,1.3,1.6563,Separator Component Leak,Fugitive
3/19/2023 12:06,3/19/2023 13:21,4499,Well Head,0.15,3.2919,Wellhead Component Leak,Fugitive
3/19/2023 13:06,3/19/2023 14:06,3600,Separator,1.3,1.6474,Separator Component Leak,Fugitive
3/19/2023 13:21,3/19/2023 14:36,4501,Well Head,0.15,3.3029,Wellhead Component Leak,Fugitive
3/19/2023 14:06,3/19/2023 14:21,900,Separator,1.3,1.6429,Separator Component Leak,Fugitive
3/19/2023 14:21,3/19/2023 14:36,901,Separator,1.3,1.6413,Separator Component Leak,Fugitive
3/19/2023 19:36,3/19/2023 20:06,1799,Tank,5.5,3.0797,Tank Battery Vent Leak,Fugitive
3/19/2023 20:06,3/19/2023 20:51,2700,Tank,5.5,3.1329,Tank Battery Vent Leak,Fugitive
3/19/2023 20:51,3/19/2023 21:36,2700,Tank,5.5,3.1475,Tank Battery Vent Leak,Fugitive
3/20/2023 2:36,3/20/2023 3:51,4499,Well Head,0.7,2.3828,Wellhead Component Leak,Fugitive
3/20/2023 2:36,3/20/2023 3:51,4500,Well Head,1,3.3407,Wellhead Component Leak,Fugitive
3/20/2023 3:51,3/20/2023 4:36,2701,Well Head,0.7,2.3947,Wellhead Component Leak,Fugitive
3/20/2023 3:51,3/20/2023 4:36,2700,Well Head,1,3.3834,Wellhead Component Leak,Fugitive
3/20/2023 9:37,3/20/2023 11:07,5399,Tank,5.4,2.0763,Tank Battery Vent Leak,Fugitive
3/20/2023 11:07,3/20/2023 11:37,1800,Tank,5.4,2.0782,Tank Battery Vent Leak,Fugitive
3/20/2023 16:00,3/20/2023 16:15,900,Well Head,1,3.9048,Wellhead Component Leak,Fugitive
3/20/2023 16:15,3/20/2023 16:30,900,Well Head,1,3.9431,Wellhead Component Leak,Fugitive
3/20/2023 18:30,3/20/2023 21:00,9001,Tank,5.5,3.1174,Tank Battery Vent Leak,Fugitive
3/20/2023 23:00,3/20/2023 23:30,1800,Separator,1.6,5.8486,Separator Component Leak,Fugitive
3/21/2023 1:30,3/21/2023 4:00,8999,Separator,2.2,3.6038,Separator Component Leak,Fugitive
3/21/2023 2:00,3/21/2023 4:00,7247,Separator,2.2,3.6099,Separator Component Leak,Fugitive
3/21/2023 7:00,3/21/2023 7:45,2700,Tank,5.5,3.5432,Tank Battery Vent Leak,Fugitive
3/21/2023 9:45,3/21/2023 10:30,2699,Well Head,0.7,3.4219,Wellhead Component Leak,Fugitive
3/21/2023 10:30,3/21/2023 12:15,6301,Well Head,0.7,3.4474,Wellhead Component Leak,Fugitive
3/21/2023 15:15,3/21/2023 15:30,900,Well Head,0.15,5.8212,Wellhead Component Leak,Fugitive
3/21/2023 15:30,3/21/2023 17:45,8100,Well Head,0.15,5.8842,Wellhead Component Leak,Fugitive
3/21/2023 17:45,3/21/2023 18:15,1800,Well Head,0.15,5.9218,Wellhead Component Leak,Fugitive
3/21/2023 20:15,3/21/2023 23:45,12600,Tank,4.8,5.2603,Tank Battery Vent Leak,Fugitive
3/22/2023 2:46,3/22/2023 4:46,7200,Separator,0.5,5.5966,Separator Component Leak,Fugitive
3/22/2023 4:46,3/22/2023 5:16,1800,Separator,0.5,5.6282,Separator Component Leak,Fugitive
3/22/2023 5:16,3/22/2023 6:16,3600,Separator,0.5,5.6334,Separator Component Leak,Fugitive
3/22/2023 8:16,3/22/2023 9:01,2700,Tank,4.6,6.0116,Tank Battery Vent Leak,Fugitive
3/22/2023 12:01,3/22/2023 14:16,8099,Separator,1.6,4.0181,Separator Component Leak,Fugitive
3/22/2023 14:16,3/22/2023 15:16,3600,Separator,1.6,4.0309,Separator Component Leak,Fugitive
3/22/2023 15:16,3/22/2023 15:31,901,Separator,1.6,4.0057,Separator Component Leak,Fugitive
3/22/2023 17:31,3/22/2023 19:31,7200,Tank,4.8,6.9654,Tank Battery Vent Leak,Fugitive
3/22/2023 22:31,3/23/2023 0:31,7200,Well Head,0.15,5.5512,Wellhead Component Leak,Fugitive
3/23/2023 0:31,3/23/2023 1:01,1800,Well Head,0.15,5.5716,Wellhead Component Leak,Fugitive
3/23/2023 3:01,3/23/2023 5:31,9000,Tank,4.8,5.2787,Tank Battery Vent Leak,Fugitive
3/23/2023 8:31,3/23/2023 9:46,4499,Separator,0.5,5.5526,Separator Component Leak,Fugitive
3/23/2023 9:46,3/23/2023 10:16,1800,Separator,0.5,5.5731,Separator Component Leak,Fugitive
3/23/2023 10:16,3/23/2023 10:46,1800,Separator,0.5,5.5608,Separator Component Leak,Fugitive
3/23/2023 10:46,3/23/2023 11:31,2700,Separator,0.5,5.5342,Separator Component Leak,Fugitive
3/23/2023 13:31,3/23/2023 17:31,14399,Separator,1.3,1.7451,Separator Component Leak,Fugitive
3/23/2023 20:31,3/23/2023 21:31,3600,Tank,4.6,5.9979,Tank Battery Vent Leak,Fugitive
3/23/2023 21:31,3/23/2023 23:31,7201,Tank,4.6,6.0454,Tank Battery Vent Leak,Fugitive
3/24/2023 1:31,3/24/2023 3:01,5399,Well Head,0.15,5.5415,Wellhead Component Leak,Fugitive
3/24/2023 2:00,3/24/2023 3:01,3684,Well Head,0.15,5.5755,Wellhead Component Leak,Fugitive
3/24/2023 3:01,3/24/2023 5:31,9000,Well Head,0.15,5.5937,Wellhead Component Leak,Fugitive
3/24/2023 8:31,3/24/2023 10:31,7199,Separator,2.2,3.5816,Separator Component Leak,Fugitive
3/24/2023 10:31,3/24/2023 11:01,1800,Separator,2.2,3.5712,Separator Component Leak,Fugitive
3/24/2023 11:01,3/24/2023 12:31,5401,Separator,2.2,3.5708,Separator Component Leak,Fugitive
3/24/2023 17:23,3/24/2023 17:26,181,Separator,1.7,3.8315,Separator Component Leak,Fugitive
3/24/2023 17:23,3/24/2023 17:26,180,Tank,4.8,6.7492,Tank Battery Vent Leak,Fugitive
3/24/2023 17:27,3/24/2023 17:30,180,Well Head,0,4.1353,Wellhead Component Leak,Fugitive
3/24/2023 17:30,3/24/2023 19:00,5401,Well Head,0,4.1353,Wellhead Component Leak,Fugitive
3/24/2023 17:30,3/24/2023 19:00,5401,Tank,4.8,6.7492,Tank Battery Vent Leak,Fugitive
3/24/2023 17:30,3/24/2023 19:30,7200,Separator,1.7,3.7849,Separator Component Leak,Fugitive
3/24/2023 19:00,3/24/2023 19:15,899,Well Head,0,4.1353,Wellhead Component Leak,Fugitive
3/24/2023 19:00,3/24/2023 19:15,899,Tank,4.8,6.7492,Tank Battery Vent Leak,Fugitive
3/24/2023 19:15,3/24/2023 19:30,900,Well Head,0,4.1353,Wellhead Component Leak,Fugitive
3/24/2023 19:15,3/24/2023 19:30,900,Tank,4.8,6.7492,Tank Battery Vent Leak,Fugitive
3/24/2023 22:30,3/24/2023 23:30,3600,Well Head,0.6,3.4488,Wellhead Component Leak,Fugitive
3/25/2023 1:30,3/25/2023 2:00,1800,Separator,1.2,3.9907,Separator Component Leak,Fugitive
3/25/2023 5:00,3/25/2023 7:30,9000,Tank,4.8,7.1194,Tank Battery Vent Leak,Fugitive
3/25/2023 9:30,3/25/2023 10:15,2700,Well Head,0,5.1549,Wellhead Component Leak,Fugitive
3/25/2023 10:15,3/25/2023 10:45,1800,Well Head,0,5.096,Wellhead Component Leak,Fugitive
3/25/2023 10:45,3/25/2023 11:30,2700,Well Head,0,5.0521,Wellhead Component Leak,Fugitive
3/25/2023 14:30,3/25/2023 15:45,4500,Tank,4.6,5.2845,Tank Battery Vent Leak,Fugitive
3/25/2023 15:45,3/25/2023 17:30,6301,Tank,4.6,5.3278,Tank Battery Vent Leak,Fugitive
3/25/2023 20:30,3/26/2023 0:30,14400,Separator,3.1,3.6477,Separator Component Leak,Fugitive
3/26/2023 2:30,3/26/2023 2:33,180,Tank,4.6,5.9297,Tank Battery Vent Leak,Fugitive
3/26/2023 2:30,3/26/2023 2:33,181,Well Head,0.8,4.3239,Wellhead Component Leak,Fugitive
3/26/2023 2:34,3/26/2023 2:37,180,Separator,0.6,3.3552,Separator Component Leak,Fugitive
3/26/2023 2:37,3/26/2023 3:22,2700,Separator,0.6,3.3552,Separator Component Leak,Fugitive
3/26/2023 2:37,3/26/2023 3:22,2700,Tank,4.6,5.9297,Tank Battery Vent Leak,Fugitive
3/26/2023 2:37,3/26/2023 4:52,8099,Well Head,0.8,5.0114,Wellhead Component Leak,Fugitive
3/26/2023 3:22,3/26/2023 4:07,2700,Separator,0.6,3.3552,Separator Component Leak,Fugitive
3/26/2023 3:22,3/26/2023 4:07,2700,Tank,4.6,5.9297,Tank Battery Vent Leak,Fugitive
3/26/2023 4:07,3/26/2023 5:07,3600,Separator,0.6,3.3552,Separator Component Leak,Fugitive
3/26/2023 4:07,3/26/2023 5:07,3600,Tank,4.6,5.9297,Tank Battery Vent Leak,Fugitive
3/26/2023 4:52,3/26/2023 5:52,3600,Well Head,0.8,5.2006,Wellhead Component Leak,Fugitive
3/26/2023 5:07,3/26/2023 5:37,1800,Separator,0.6,3.3552,Separator Component Leak,Fugitive
3/26/2023 5:07,3/26/2023 5:37,1800,Tank,4.6,5.9297,Tank Battery Vent Leak,Fugitive
3/26/2023 5:37,3/26/2023 6:07,1800,Separator,0.6,3.3552,Separator Component Leak,Fugitive
3/26/2023 5:37,3/26/2023 6:07,1800,Tank,4.6,5.9297,Tank Battery Vent Leak,Fugitive
3/26/2023 5:52,3/26/2023 7:07,4501,Well Head,0.8,5.2,Wellhead Component Leak,Fugitive
3/26/2023 6:07,3/26/2023 6:37,1800,Separator,0.6,3.3552,Separator Component Leak,Fugitive
3/26/2023 6:07,3/26/2023 6:37,1800,Tank,4.6,5.9297,Tank Battery Vent Leak,Fugitive
3/26/2023 6:37,3/26/2023 7:07,1801,Separator,0.6,3.3552,Separator Component Leak,Fugitive
3/26/2023 6:37,3/26/2023 7:07,1801,Tank,4.6,5.9297,Tank Battery Vent Leak,Fugitive
3/26/2023 10:07,3/26/2023 12:07,7200,Well Head,0,5.0023,Wellhead Component Leak,Fugitive
3/26/2023 12:07,3/26/2023 13:07,3600,Well Head,0,4.9898,Wellhead Component Leak,Fugitive
3/26/2023 15:07,3/26/2023 16:22,4499,Tank,4.6,5.2286,Tank Battery Vent Leak,Fugitive
3/26/2023 16:22,3/26/2023 17:07,2701,Tank,4.6,5.2557,Tank Battery Vent Leak,Fugitive
3/26/2023 20:07,3/27/2023 0:37,16199,Separator,3.1,3.3018,Separator Component Leak,Fugitive
3/27/2023 0:37,3/27/2023 1:07,1801,Separator,3.1,2.3364,Separator Component Leak,Fugitive
3/27/2023 3:07,3/27/2023 3:10,180,Separator,1.7,1.612,Separator Component Leak,Fugitive
3/27/2023 3:07,3/27/2023 3:10,181,Tank,4.8,3.6095,Tank Battery Vent Leak,Fugitive
3/27/2023 3:11,3/27/2023 3:14,181,Well Head,0,2.7351,Wellhead Component Leak,Fugitive
3/27/2023 3:14,3/27/2023 3:29,899,Well Head,0,2.7351,Wellhead Component Leak,Fugitive
3/27/2023 3:14,3/27/2023 3:29,899,Tank,4.8,3.6095,Tank Battery Vent Leak,Fugitive
3/27/2023 3:14,3/27/2023 4:44,5400,Separator,1.7,0.7931,Separator Component Leak,Fugitive
3/27/2023 3:29,3/27/2023 3:44,900,Well Head,0,2.7351,Wellhead Component Leak,Fugitive
3/27/2023 3:29,3/27/2023 3:44,900,Tank,4.8,3.6095,Tank Battery Vent Leak,Fugitive
3/27/2023 3:44,3/27/2023 3:59,900,Well Head,0,2.7351,Wellhead Component Leak,Fugitive
3/27/2023 3:44,3/27/2023 3:59,900,Tank,4.8,3.6095,Tank Battery Vent Leak,Fugitive
3/27/2023 3:59,3/27/2023 4:44,2700,Well Head,0,2.7351,Wellhead Component Leak,Fugitive
3/27/2023 3:59,3/27/2023 4:44,2700,Tank,4.8,3.6095,Tank Battery Vent Leak,Fugitive
3/27/2023 7:44,3/27/2023 8:44,3600,Separator,0.6,1.5988,Separator Component Leak,Fugitive
3/27/2023 10:44,3/27/2023 13:44,10799,Tank,4.6,1.0159,Tank Thief Hatch Leak,Fugitive
3/28/2023 15:02,3/28/2023 15:05,181,Separator,1.2,0.1067,Separator Pneumatic Emissions,Vented
3/28/2023 15:02,3/28/2023 15:05,180,Separator,1.3,0.0387,Separator Pneumatic Emissions,Vented
3/28/2023 15:06,3/28/2023 15:09,181,Well Head,1.2,0.0386,Wellhead Pneumatic Emissions,Vented
3/28/2023 15:06,3/28/2023 15:09,179,Well Head,0,0.1076,Wellhead Component Leak,Fugitive
3/28/2023 15:09,3/28/2023 16:24,4501,Well Head,0,0.1076,Wellhead Component Leak,Fugitive
3/28/2023 15:09,3/28/2023 16:24,4501,Separator,1.2,0.1067,Separator Pneumatic Emissions,Vented
3/28/2023 15:09,3/28/2023 15:39,1799,Well Head,1.2,0.0386,Wellhead Pneumatic Emissions,Vented
3/28/2023 15:09,3/28/2023 15:39,1799,Separator,1.3,0.0387,Separator Pneumatic Emissions,Vented
3/28/2023 15:39,3/28/2023 15:54,900,Well Head,1.2,0.0386,Wellhead Pneumatic Emissions,Vented
3/28/2023 15:39,3/28/2023 15:54,900,Separator,1.3,0.0387,Separator Pneumatic Emissions,Vented
3/28/2023 15:54,3/28/2023 16:09,900,Well Head,1.2,0.0386,Wellhead Pneumatic Emissions,Vented
3/28/2023 15:54,3/28/2023 16:09,900,Separator,1.3,0.0387,Separator Pneumatic Emissions,Vented
3/28/2023 16:09,3/28/2023 16:24,901,Well Head,1.2,0.0386,Wellhead Pneumatic Emissions,Vented
3/28/2023 16:09,3/28/2023 16:24,901,Separator,1.3,0.0387,Separator Pneumatic Emissions,Vented
3/28/2023 16:24,3/28/2023 16:39,899,Well Head,1.2,0.0386,Wellhead Pneumatic Emissions,Vented
3/28/2023 16:24,3/28/2023 16:39,899,Separator,1.3,0.0387,Separator Pneumatic Emissions,Vented
3/28/2023 16:24,3/28/2023 17:09,2700,Well Head,0,0.1076,Wellhead Component Leak,Fugitive
3/28/2023 16:24,3/28/2023 17:09,2700,Separator,1.2,0.1067,Separator Pneumatic Emissions,Vented
3/28/2023 16:39,3/28/2023 16:54,900,Well Head,1.2,0.0386,Wellhead Pneumatic Emissions,Vented
3/28/2023 16:39,3/28/2023 16:54,900,Separator,1.3,0.0387,Separator Pneumatic Emissions,Vented
3/28/2023 16:54,3/28/2023 17:09,901,Well Head,1.2,0.0386,Wellhead Pneumatic Emissions,Vented
3/28/2023 16:54,3/28/2023 17:09,901,Separator,1.3,0.0387,Separator Pneumatic Emissions,Vented
3/28/2023 17:09,3/28/2023 17:24,899,Well Head,1.2,0.0386,Wellhead Pneumatic Emissions,Vented
3/28/2023 17:09,3/28/2023 17:24,899,Separator,1.3,0.0387,Separator Pneumatic Emissions,Vented
3/28/2023 17:09,3/28/2023 18:09,3600,Well Head,0,0.1076,Wellhead Component Leak,Fugitive
3/28/2023 17:09,3/28/2023 18:09,3600,Separator,1.2,0.1067,Separator Pneumatic Emissions,Vented
3/28/2023 17:24,3/28/2023 17:39,900,Well Head,1.2,0.0386,Wellhead Pneumatic Emissions,Vented
3/28/2023 17:24,3/28/2023 17:39,900,Separator,1.3,0.0387,Separator Pneumatic Emissions,Vented
3/28/2023 17:39,3/28/2023 17:54,900,Well Head,1.2,0.0386,Wellhead Pneumatic Emissions,Vented
3/28/2023 17:39,3/28/2023 17:54,900,Separator,1.3,0.0387,Separator Pneumatic Emissions,Vented
3/28/2023 17:54,3/28/2023 18:24,1800,Well Head,1.2,0.0386,Wellhead Pneumatic Emissions,Vented
3/28/2023 17:54,3/28/2023 18:24,1800,Separator,1.3,0.0387,Separator Pneumatic Emissions,Vented
3/28/2023 18:09,3/28/2023 18:54,2700,Well Head,0,0.1076,Wellhead Component Leak,Fugitive
3/28/2023 18:09,3/28/2023 18:54,2700,Separator,1.2,0.1067,Separator Pneumatic Emissions,Vented
3/28/2023 18:24,3/28/2023 18:54,1801,Well Head,1.2,0.0386,Wellhead Pneumatic Emissions,Vented
3/28/2023 18:24,3/28/2023 18:54,1801,Separator,1.3,0.0387,Separator Pneumatic Emissions,Vented
3/28/2023 18:54,3/28/2023 20:09,4500,Well Head,1.2,0.0386,Wellhead Pneumatic Emissions,Vented
3/28/2023 18:54,3/28/2023 20:09,4500,Separator,1.3,0.0387,Separator Pneumatic Emissions,Vented
3/28/2023 18:54,3/28/2023 20:24,5400,Well Head,0,0.1076,Wellhead Component Leak,Fugitive
3/28/2023 18:54,3/28/2023 20:24,5400,Separator,1.2,0.1067,Separator Pneumatic Emissions,Vented
3/28/2023 20:09,3/28/2023 20:24,900,Well Head,1.2,0.0386,Wellhead Pneumatic Emissions,Vented
3/28/2023 20:09,3/28/2023 20:24,900,Separator,1.3,0.0387,Separator Pneumatic Emissions,Vented
3/28/2023 20:24,3/28/2023 20:39,899,Well Head,1.2,0.0386,Wellhead Pneumatic Emissions,Vented
3/28/2023 20:24,3/28/2023 20:39,899,Separator,1.3,0.0387,Separator Pneumatic Emissions,Vented
3/28/2023 20:24,3/28/2023 21:39,4500,Well Head,0,0.1076,Wellhead Component Leak,Fugitive
3/28/2023 20:24,3/28/2023 21:39,4500,Separator,1.2,0.1067,Separator Pneumatic Emissions,Vented
3/28/2023 20:39,3/28/2023 20:54,900,Well Head,1.2,0.0386,Wellhead Pneumatic Emissions,Vented
3/28/2023 20:39,3/28/2023 20:54,900,Separator,1.3,0.0387,Separator Pneumatic Emissions,Vented
3/28/2023 20:54,3/28/2023 21:09,901,Well Head,1.2,0.0386,Wellhead Pneumatic Emissions,Vented
3/28/2023 20:54,3/28/2023 21:09,901,Separator,1.3,0.0387,Separator Pneumatic Emissions,Vented
3/28/2023 21:09,3/28/2023 21:39,1800,Well Head,1.2,0.0386,Wellhead Pneumatic Emissions,Vented
3/28/2023 21:09,3/28/2023 21:39,1800,Separator,1.3,0.0387,Separator Pneumatic Emissions,Vented
3/28/2023 23:39,3/28/2023 23:42,180,Separator,3.6,0.0097,Separator Pneumatic Emissions,Vented
3/28/2023 23:40,3/28/2023 23:42,179,Well Head,1.1,0.0887,Wellhead Pneumatic Emissions,Vented
3/28/2023 23:43,3/28/2023 23:46,180,Well Head,1.5,0.0089,Wellhead Pneumatic Emissions,Vented
3/28/2023 23:46,3/29/2023 0:01,900,Well Head,1.5,0.0089,Wellhead Pneumatic Emissions,Vented
3/28/2023 23:46,3/29/2023 0:01,900,Separator,3.6,0.0097,Separator Pneumatic Emissions,Vented
3/28/2023 23:46,3/29/2023 0:46,3600,Well Head,1.1,0.0896,Wellhead Pneumatic Emissions,Vented
3/29/2023 0:01,3/29/2023 0:46,2700,Well Head,1.5,0.0089,Wellhead Pneumatic Emissions,Vented
3/29/2023 0:01,3/29/2023 0:46,2700,Separator,3.6,0.0097,Separator Pneumatic Emissions,Vented
3/29/2023 0:46,3/29/2023 1:16,1800,Well Head,1.5,0.0089,Wellhead Pneumatic Emissions,Vented
3/29/2023 0:46,3/29/2023 1:16,1800,Separator,3.6,0.0097,Separator Pneumatic Emissions,Vented
3/29/2023 0:46,3/29/2023 5:16,16200,Well Head,1.1,0.0878,Wellhead Pneumatic Emissions,Vented
3/29/2023 1:16,3/29/2023 1:31,900,Well Head,1.5,0.0089,Wellhead Pneumatic Emissions,Vented
3/29/2023 1:16,3/29/2023 1:31,900,Separator,3.6,0.0097,Separator Pneumatic Emissions,Vented
3/29/2023 1:31,3/29/2023 3:16,6300,Well Head,1.5,0.0089,Wellhead Pneumatic Emissions,Vented
3/29/2023 1:31,3/29/2023 3:16,6300,Separator,3.6,0.0097,Separator Pneumatic Emissions,Vented
3/29/2023 2:00,3/29/2023 5:16,11813,Well Head,1.1,0.0872,Wellhead Pneumatic Emissions,Vented
3/29/2023 3:16,3/29/2023 3:31,900,Well Head,1.5,0.0089,Wellhead Pneumatic Emissions,Vented
3/29/2023 3:16,3/29/2023 3:31,900,Separator,3.6,0.0097,Separator Pneumatic Emissions,Vented
3/29/2023 3:31,3/29/2023 3:46,900,Well Head,1.5,0.0089,Wellhead Pneumatic Emissions,Vented
3/29/2023 3:31,3/29/2023 3:46,900,Separator,3.6,0.0097,Separator Pneumatic Emissions,Vented
3/29/2023 3:46,3/29/2023 4:01,900,Well Head,1.5,0.0089,Wellhead Pneumatic Emissions,Vented
3/29/2023 3:46,3/29/2023 4:01,900,Separator,3.6,0.0097,Separator Pneumatic Emissions,Vented
3/29/2023 4:01,3/29/2023 4:31,1800,Well Head,1.5,0.0089,Wellhead Pneumatic Emissions,Vented
3/29/2023 4:01,3/29/2023 4:31,1800,Separator,3.6,0.0097,Separator Pneumatic Emissions,Vented
3/29/2023 4:31,3/29/2023 4:46,900,Well Head,1.5,0.0089,Wellhead Pneumatic Emissions,Vented
3/29/2023 4:31,3/29/2023 4:46,900,Separator,3.6,0.0097,Separator Pneumatic Emissions,Vented
3/29/2023 4:46,3/29/2023 5:01,900,Well Head,1.5,0.0089,Wellhead Pneumatic Emissions,Vented
3/29/2023 4:46,3/29/2023 5:01,900,Separator,3.6,0.0097,Separator Pneumatic Emissions,Vented
3/29/2023 5:01,3/29/2023 5:16,900,Well Head,1.5,0.0089,Wellhead Pneumatic Emissions,Vented
3/29/2023 5:01,3/29/2023 5:16,900,Separator,3.6,0.0097,Separator Pneumatic Emissions,Vented
3/29/2023 8:17,3/29/2023 8:32,900,Separator,0.5,0.0889,Separator Pneumatic Emissions,Vented
3/29/2023 8:17,3/29/2023 9:02,2700,Well Head,1.5,0.007,Wellhead Pneumatic Emissions,Vented
3/29/2023 8:32,3/29/2023 11:32,10800,Separator,0.5,0.0954,Separator Pneumatic Emissions,Vented
3/29/2023 9:02,3/29/2023 9:47,2700,Well Head,1.5,0.0142,Wellhead Pneumatic Emissions,Vented
3/29/2023 9:47,3/29/2023 11:32,6300,Well Head,1.5,0.0218,Wellhead Pneumatic Emissions,Vented
3/29/2023 11:32,3/29/2023 12:17,2700,Separator,0.5,0.1021,Separator Pneumatic Emissions,Vented
3/29/2023 11:32,3/29/2023 13:02,5400,Well Head,1.5,0.0248,Wellhead Pneumatic Emissions,Vented
3/29/2023 12:17,3/29/2023 13:47,5400,Separator,0.5,0.1012,Separator Pneumatic Emissions,Vented
3/29/2023 13:02,3/29/2023 14:17,4501,Well Head,1.5,0.0278,Wellhead Pneumatic Emissions,Vented
3/29/2023 13:47,3/29/2023 14:17,1800,Separator,0.5,0.1033,Separator Pneumatic Emissions,Vented
3/29/2023 16:17,3/29/2023 16:20,180,Separator,0.8,0.106,Separator Pneumatic Emissions,Vented
3/29/2023 16:17,3/29/2023 16:20,180,Separator,1.5,0.0417,Separator Pneumatic Emissions,Vented
3/29/2023 16:21,3/29/2023 16:24,180,Well Head,0.4,0.0411,Wellhead Pneumatic Emissions,Vented
3/29/2023 16:24,3/29/2023 16:54,1800,Well Head,0.4,0.0411,Wellhead Pneumatic Emissions,Vented
3/29/2023 16:24,3/29/2023 16:54,1800,Separator,1.5,0.0417,Separator Pneumatic Emissions,Vented
3/29/2023 16:24,3/29/2023 18:09,6299,Separator,0.8,0.1023,Separator Pneumatic Emissions,Vented
3/29/2023 16:54,3/29/2023 17:09,900,Well Head,0.4,0.0411,Wellhead Pneumatic Emissions,Vented
3/29/2023 16:54,3/29/2023 17:09,900,Separator,1.5,0.0417,Separator Pneumatic Emissions,Vented
3/29/2023 17:09,3/29/2023 17:39,1800,Well Head,0.4,0.0411,Wellhead Pneumatic Emissions,Vented
3/29/2023 17:09,3/29/2023 17:39,1800,Separator,1.5,0.0417,Separator Pneumatic Emissions,Vented
3/29/2023 17:39,3/29/2023 18:09,1799,Well Head,0.4,0.0411,Wellhead Pneumatic Emissions,Vented
3/29/2023 17:39,3/29/2023 18:09,1799,Separator,1.5,0.0417,Separator Pneumatic Emissions,Vented
3/29/2023 18:09,3/29/2023 18:24,901,Well Head,0.4,0.0411,Wellhead Pneumatic Emissions,Vented
3/29/2023 18:09,3/29/2023 18:24,901,Separator,1.5,0.0417,Separator Pneumatic Emissions,Vented
3/29/2023 18:09,3/29/2023 21:54,13500,Separator,0.8,0.0903,Separator Pneumatic Emissions,Vented
3/29/2023 18:24,3/29/2023 18:39,900,Well Head,0.4,0.0411,Wellhead Pneumatic Emissions,Vented
3/29/2023 18:24,3/29/2023 18:39,900,Separator,1.5,0.0417,Separator Pneumatic Emissions,Vented
3/29/2023 18:39,3/29/2023 20:09,5400,Well Head,0.4,0.0411,Wellhead Pneumatic Emissions,Vented
3/29/2023 18:39,3/29/2023 20:09,5400,Separator,1.5,0.0417,Separator Pneumatic Emissions,Vented
3/29/2023 20:09,3/29/2023 21:54,6300,Well Head,0.4,0.0411,Wellhead Pneumatic Emissions,Vented
3/29/2023 20:09,3/29/2023 21:54,6300,Separator,1.5,0.0417,Separator Pneumatic Emissions,Vented
3/30/2023 0:54,3/30/2023 0:57,179,Separator,0.5,0.0907,Separator Pneumatic Emissions,Vented
3/30/2023 0:54,3/30/2023 0:57,179,Separator,1.3,0.0101,Separator Pneumatic Emissions,Vented
3/30/2023 0:58,3/30/2023 1:01,181,Well Head,0.9,0.0888,Wellhead Pneumatic Emissions,Vented
3/30/2023 1:01,3/30/2023 1:31,1799,Separator,0.5,0.0907,Separator Pneumatic Emissions,Vented
3/30/2023 1:01,3/30/2023 1:31,1799,Well Head,0.9,0.0888,Wellhead Pneumatic Emissions,Vented
3/30/2023 1:01,3/30/2023 1:31,1799,Separator,1.3,0.0103,Separator Pneumatic Emissions,Vented
3/30/2023 1:31,3/30/2023 2:01,1800,Separator,1.3,0.0095,Separator Pneumatic Emissions,Vented
3/30/2023 1:31,3/30/2023 2:16,2700,Separator,0.5,0.0907,Separator Pneumatic Emissions,Vented
3/30/2023 1:31,3/30/2023 2:16,2700,Well Head,0.9,0.0888,Wellhead Pneumatic Emissions,Vented
3/30/2023 2:00,3/30/2023 2:01,65,Separator,1.3,0.0096,Separator Pneumatic Emissions,Vented
3/30/2023 2:01,3/30/2023 2:16,900,Separator,1.3,0.009,Separator Pneumatic Emissions,Vented
3/30/2023 2:16,3/30/2023 2:46,1800,Separator,0.5,0.0907,Separator Pneumatic Emissions,Vented
3/30/2023 2:16,3/30/2023 2:46,1800,Well Head,0.9,0.0888,Wellhead Pneumatic Emissions,Vented
3/30/2023 2:16,3/30/2023 3:16,3600,Separator,1.3,0.0089,Separator Pneumatic Emissions,Vented
3/30/2023 2:46,3/30/2023 3:01,900,Separator,0.5,0.0907,Separator Pneumatic Emissions,Vented
3/30/2023 2:46,3/30/2023 3:01,900,Well Head,0.9,0.0888,Wellhead Pneumatic Emissions,Vented
3/30/2023 3:01,3/30/2023 5:01,7200,Separator,0.5,0.0907,Separator Pneumatic Emissions,Vented
3/30/2023 3:01,3/30/2023 5:01,7200,Well Head,0.9,0.0888,Wellhead Pneumatic Emissions,Vented
3/30/2023 3:16,3/30/2023 4:16,3600,Separator,1.3,0.0094,Separator Pneumatic Emissions,Vented
3/30/2023 4:16,3/30/2023 4:31,900,Separator,1.3,0.009,Separator Pneumatic Emissions,Vented
3/30/2023 4:31,3/30/2023 7:31,10800,Separator,1.3,0.0061,Separator Pneumatic Emissions,Vented
3/30/2023 4:31,3/30/2023 7:31,10801,Separator,1.3,0.0061,Separator Pneumatic Emissions,Vented
3/30/2023 5:01,3/30/2023 5:31,1800,Separator,0.5,0.0907,Separator Pneumatic Emissions,Vented
3/30/2023 5:01,3/30/2023 5:31,1800,Well Head,0.9,0.0888,Wellhead Pneumatic Emissions,Vented
3/30/2023 5:31,3/30/2023 6:01,1800,Separator,0.5,0.0907,Separator Pneumatic Emissions,Vented
3/30/2023 5:31,3/30/2023 6:01,1800,Well Head,0.9,0.0888,Wellhead Pneumatic Emissions,Vented
3/30/2023 6:01,3/30/2023 6:46,2700,Separator,0.5,0.0907,Separator Pneumatic Emissions,Vented
3/30/2023 6:01,3/30/2023 6:46,2700,Well Head,0.9,0.0888,Wellhead Pneumatic Emissions,Vented
3/30/2023 6:46,3/30/2023 7:31,2700,Separator,0.5,0.0907,Separator Pneumatic Emissions,Vented
3/30/2023 6:46,3/30/2023 7:31,2700,Well Head,0.9,0.0888,Wellhead Pneumatic Emissions,Vented
3/30/2023 9:31,3/30/2023 9:34,181,Separator,1.3,0.0124,Separator Pneumatic Emissions,Vented
3/30/2023 9:31,3/30/2023 9:34,179,Separator,1.2,0.0921,Separator Pneumatic Emissions,Vented
3/30/2023 9:35,3/30/2023 9:38,181,Well Head,0,0.0907,Wellhead Component Leak,Fugitive
3/30/2023 9:35,3/30/2023 9:38,179,Well Head,1.2,0.0136,Wellhead Pneumatic Emissions,Vented
3/30/2023 9:38,3/30/2023 9:53,900,Well Head,1.2,0.0136,Wellhead Pneumatic Emissions,Vented
3/30/2023 9:38,3/30/2023 9:53,900,Separator,1.3,0.0124,Separator Pneumatic Emissions,Vented
3/30/2023 9:38,3/30/2023 10:08,1799,Well Head,0,0.0907,Wellhead Component Leak,Fugitive
3/30/2023 9:38,3/30/2023 10:08,1799,Separator,1.2,0.0921,Separator Pneumatic Emissions,Vented
3/30/2023 9:53,3/30/2023 10:08,900,Well Head,1.2,0.0136,Wellhead Pneumatic Emissions,Vented
3/30/2023 9:53,3/30/2023 10:08,900,Separator,1.3,0.0124,Separator Pneumatic Emissions,Vented
3/30/2023 10:08,3/30/2023 10:23,900,Well Head,0,0.0907,Wellhead Component Leak,Fugitive
3/30/2023 10:08,3/30/2023 10:23,900,Well Head,1.2,0.0136,Wellhead Pneumatic Emissions,Vented
3/30/2023 10:08,3/30/2023 10:23,900,Separator,1.2,0.0921,Separator Pneumatic Emissions,Vented
3/30/2023 10:08,3/30/2023 10:23,900,Separator,1.3,0.0124,Separator Pneumatic Emissions,Vented
3/30/2023 10:23,3/30/2023 11:08,2700,Well Head,1.2,0.0136,Wellhead Pneumatic Emissions,Vented
3/30/2023 10:23,3/30/2023 11:08,2700,Separator,1.3,0.0124,Separator Pneumatic Emissions,Vented
3/30/2023 10:23,3/30/2023 12:38,8100,Well Head,0,0.0907,Wellhead Component Leak,Fugitive
3/30/2023 10:23,3/30/2023 12:38,8100,Separator,1.2,0.0921,Separator Pneumatic Emissions,Vented
3/30/2023 11:08,3/30/2023 11:23,900,Well Head,1.2,0.0136,Wellhead Pneumatic Emissions,Vented
3/30/2023 11:08,3/30/2023 11:23,900,Separator,1.3,0.0124,Separator Pneumatic Emissions,Vented
3/30/2023 11:23,3/30/2023 11:38,900,Well Head,1.2,0.0136,Wellhead Pneumatic Emissions,Vented
3/30/2023 11:23,3/30/2023 11:38,900,Separator,1.3,0.0124,Separator Pneumatic Emissions,Vented
3/30/2023 11:38,3/30/2023 11:53,900,Well Head,1.2,0.0136,Wellhead Pneumatic Emissions,Vented
3/30/2023 11:38,3/30/2023 11:53,900,Separator,1.3,0.0124,Separator Pneumatic Emissions,Vented
3/30/2023 11:53,3/30/2023 12:23,1800,Well Head,1.2,0.0136,Wellhead Pneumatic Emissions,Vented
3/30/2023 11:53,3/30/2023 12:23,1800,Separator,1.3,0.0124,Separator Pneumatic Emissions,Vented
3/30/2023 12:23,3/30/2023 12:53,1800,Well Head,1.2,0.0136,Wellhead Pneumatic Emissions,Vented
3/30/2023 12:23,3/30/2023 12:53,1800,Separator,1.3,0.0124,Separator Pneumatic Emissions,Vented
3/30/2023 12:38,3/30/2023 13:23,2700,Well Head,0,0.0907,Wellhead Component Leak,Fugitive
3/30/2023 12:38,3/30/2023 13:23,2700,Separator,1.2,0.0921,Separator Pneumatic Emissions,Vented
3/30/2023 12:53,3/30/2023 13:08,900,Well Head,1.2,0.0136,Wellhead Pneumatic Emissions,Vented
3/30/2023 12:53,3/30/2023 13:08,900,Separator,1.3,0.0124,Separator Pneumatic Emissions,Vented
3/30/2023 13:08,3/30/2023 13:23,900,Well Head,1.2,0.0136,Wellhead Pneumatic Emissions,Vented
3/30/2023 13:08,3/30/2023 13:23,900,Separator,1.3,0.0124,Separator Pneumatic Emissions,Vented
3/30/2023 13:23,3/30/2023 13:38,900,Well Head,1.2,0.0136,Wellhead Pneumatic Emissions,Vented
3/30/2023 13:23,3/30/2023 13:38,900,Separator,1.3,0.0124,Separator Pneumatic Emissions,Vented
3/30/2023 13:23,3/30/2023 13:53,1800,Well Head,0,0.0907,Wellhead Component Leak,Fugitive
3/30/2023 13:23,3/30/2023 13:53,1800,Separator,1.2,0.0921,Separator Pneumatic Emissions,Vented
3/30/2023 13:38,3/30/2023 13:53,900,Well Head,1.2,0.0136,Wellhead Pneumatic Emissions,Vented
3/30/2023 13:38,3/30/2023 13:53,900,Separator,1.3,0.0124,Separator Pneumatic Emissions,Vented
3/30/2023 13:53,3/30/2023 14:08,900,Well Head,0,0.0907,Wellhead Component Leak,Fugitive
3/30/2023 13:53,3/30/2023 14:08,900,Well Head,1.2,0.0136,Wellhead Pneumatic Emissions,Vented
3/30/2023 13:53,3/30/2023 14:08,900,Separator,1.2,0.0921,Separator Pneumatic Emissions,Vented
3/30/2023 13:53,3/30/2023 14:08,900,Separator,1.3,0.0124,Separator Pneumatic Emissions,Vented
3/30/2023 14:08,3/30/2023 14:38,1800,Well Head,0,0.0907,Wellhead Component Leak,Fugitive
3/30/2023 14:08,3/30/2023 14:38,1800,Well Head,1.2,0.0136,Wellhead Pneumatic Emissions,Vented
3/30/2023 14:08,3/30/2023 14:38,1800,Separator,1.2,0.0921,Separator Pneumatic Emissions,Vented
3/30/2023 14:08,3/30/2023 14:38,1800,Separator,1.3,0.0124,Separator Pneumatic Emissions,Vented
3/30/2023 14:38,3/30/2023 15:08,1800,Well Head,1.2,0.0136,Wellhead Pneumatic Emissions,Vented
3/30/2023 14:38,3/30/2023 15:08,1800,Separator,1.3,0.0124,Separator Pneumatic Emissions,Vented
3/30/2023 14:38,3/30/2023 15:38,3600,Well Head,0,0.0907,Wellhead Component Leak,Fugitive
3/30/2023 14:38,3/30/2023 15:38,3600,Separator,1.2,0.0921,Separator Pneumatic Emissions,Vented
3/30/2023 15:08,3/30/2023 15:38,1800,Well Head,1.2,0.0136,Wellhead Pneumatic Emissions,Vented
3/30/2023 15:08,3/30/2023 15:38,1800,Separator,1.3,0.0124,Separator Pneumatic Emissions,Vented
3/30/2023 15:38,3/30/2023 15:53,900,Well Head,1.2,0.0136,Wellhead Pneumatic Emissions,Vented
3/30/2023 15:38,3/30/2023 15:53,900,Separator,1.3,0.0124,Separator Pneumatic Emissions,Vented
3/30/2023 15:38,3/30/2023 16:08,1800,Well Head,0,0.0907,Wellhead Component Leak,Fugitive
3/30/2023 15:38,3/30/2023 16:08,1800,Separator,1.2,0.0921,Separator Pneumatic Emissions,Vented
3/30/2023 15:53,3/30/2023 16:08,900,Well Head,1.2,0.0136,Wellhead Pneumatic Emissions,Vented
3/30/2023 15:53,3/30/2023 16:08,900,Separator,1.3,0.0124,Separator Pneumatic Emissions,Vented
3/30/2023 16:08,3/30/2023 16:23,900,Well Head,1.2,0.0136,Wellhead Pneumatic Emissions,Vented
3/30/2023 16:08,3/30/2023 16:23,900,Separator,1.3,0.0124,Separator Pneumatic Emissions,Vented
3/30/2023 16:08,3/30/2023 17:08,3601,Well Head,0,0.0907,Wellhead Component Leak,Fugitive
3/30/2023 16:08,3/30/2023 17:08,3601,Separator,1.2,0.0921,Separator Pneumatic Emissions,Vented
3/30/2023 16:23,3/30/2023 16:38,900,Well Head,1.2,0.0136,Wellhead Pneumatic Emissions,Vented
3/30/2023 16:23,3/30/2023 16:38,900,Separator,1.3,0.0124,Separator Pneumatic Emissions,Vented
3/30/2023 16:38,3/30/2023 16:53,900,Well Head,1.2,0.0136,Wellhead Pneumatic Emissions,Vented
3/30/2023 16:38,3/30/2023 16:53,900,Separator,1.3,0.0124,Separator Pneumatic Emissions,Vented
3/30/2023 16:53,3/30/2023 17:08,900,Well Head,1.2,0.0136,Wellhead Pneumatic Emissions,Vented
3/30/2023 16:53,3/30/2023 17:08,900,Separator,1.3,0.0124,Separator Pneumatic Emissions,Vented
3/30/2023 20:08,3/30/2023 20:11,180,Separator,3.6,0.0154,Separator Pneumatic Emissions,Vented
3/30/2023 20:08,3/30/2023 20:11,180,Well Head,1.1,0.094,Wellhead Pneumatic Emissions,Vented
3/30/2023 20:12,3/30/2023 20:15,181,Well Head,1.5,0.0176,Wellhead Pneumatic Emissions,Vented
3/30/2023 20:15,3/30/2023 20:45,1799,Well Head,1.1,0.093,Wellhead Pneumatic Emissions,Vented
3/30/2023 20:15,3/30/2023 20:45,1799,Well Head,1.5,0.0176,Wellhead Pneumatic Emissions,Vented
3/30/2023 20:15,3/30/2023 20:45,1799,Separator,3.6,0.0154,Separator Pneumatic Emissions,Vented
3/30/2023 20:45,3/30/2023 21:00,900,Well Head,1.5,0.0176,Wellhead Pneumatic Emissions,Vented
3/30/2023 20:45,3/30/2023 21:00,900,Separator,3.6,0.0154,Separator Pneumatic Emissions,Vented
3/30/2023 20:45,3/30/2023 22:30,6300,Well Head,1.1,0.0949,Wellhead Pneumatic Emissions,Vented
3/30/2023 21:00,3/30/2023 22:00,3600,Well Head,1.5,0.0176,Wellhead Pneumatic Emissions,Vented
3/30/2023 21:00,3/30/2023 22:00,3600,Separator,3.6,0.0154,Separator Pneumatic Emissions,Vented
3/30/2023 22:00,3/30/2023 22:45,2700,Well Head,1.5,0.0176,Wellhead Pneumatic Emissions,Vented
3/30/2023 22:00,3/30/2023 22:45,2700,Separator,3.6,0.0154,Separator Pneumatic Emissions,Vented
3/30/2023 22:30,3/30/2023 23:45,4500,Well Head,1.1,0.0944,Wellhead Pneumatic Emissions,Vented
3/30/2023 22:45,3/30/2023 23:15,1800,Well Head,1.5,0.0176,Wellhead Pneumatic Emissions,Vented
3/30/2023 22:45,3/30/2023 23:15,1800,Separator,3.6,0.0154,Separator Pneumatic Emissions,Vented
3/30/2023 23:15,3/30/2023 23:45,1800,Well Head,1.5,0.0176,Wellhead Pneumatic Emissions,Vented
3/30/2023 23:15,3/30/2023 23:45,1800,Separator,3.6,0.0154,Separator Pneumatic Emissions,Vented
3/30/2023 23:45,3/31/2023 0:30,2700,Well Head,1.1,0.093,Wellhead Pneumatic Emissions,Vented
3/30/2023 23:45,3/31/2023 0:45,3600,Well Head,1.5,0.0176,Wellhead Pneumatic Emissions,Vented
3/30/2023 23:45,3/31/2023 0:45,3600,Separator,3.6,0.0154,Separator Pneumatic Emissions,Vented
3/31/2023 0:30,3/31/2023 1:45,4500,Well Head,1.1,0.0893,Wellhead Pneumatic Emissions,Vented
3/31/2023 0:45,3/31/2023 1:30,2700,Well Head,1.5,0.0176,Wellhead Pneumatic Emissions,Vented
3/31/2023 0:45,3/31/2023 1:30,2700,Separator,3.6,0.0154,Separator Pneumatic Emissions,Vented
3/31/2023 1:30,3/31/2023 2:00,1800,Well Head,1.5,0.0176,Wellhead Pneumatic Emissions,Vented
3/31/2023 1:30,3/31/2023 2:00,1800,Separator,3.6,0.0154,Separator Pneumatic Emissions,Vented
3/31/2023 1:45,3/31/2023 2:00,900,Well Head,1.1,0.0864,Wellhead Pneumatic Emissions,Vented
3/31/2023 2:00,3/31/2023 2:00,5,Well Head,1.1,0.0869,Wellhead Pneumatic Emissions,Vented
3/31/2023 2:00,3/31/2023 2:15,900,Well Head,1.5,0.0176,Wellhead Pneumatic Emissions,Vented
3/31/2023 2:00,3/31/2023 2:15,900,Separator,3.6,0.0154,Separator Pneumatic Emissions,Vented
3/31/2023 2:00,3/31/2023 3:45,6300,Well Head,1.1,0.0869,Wellhead Pneumatic Emissions,Vented
3/31/2023 2:00,3/31/2023 3:45,6301,Well Head,1.1,0.0869,Wellhead Pneumatic Emissions,Vented
3/31/2023 2:15,3/31/2023 2:45,1800,Well Head,1.5,0.0176,Wellhead Pneumatic Emissions,Vented
3/31/2023 2:15,3/31/2023 2:45,1800,Separator,3.6,0.0154,Separator Pneumatic Emissions,Vented
3/31/2023 2:45,3/31/2023 3:00,900,Well Head,1.5,0.0176,Wellhead Pneumatic Emissions,Vented
3/31/2023 2:45,3/31/2023 3:00,900,Separator,3.6,0.0154,Separator Pneumatic Emissions,Vented
3/31/2023 3:00,3/31/2023 3:15,900,Well Head,1.5,0.0176,Wellhead Pneumatic Emissions,Vented
3/31/2023 3:00,3/31/2023 3:15,900,Separator,3.6,0.0154,Separator Pneumatic Emissions,Vented
3/31/2023 3:15,3/31/2023 3:45,1800,Well Head,1.5,0.0176,Wellhead Pneumatic Emissions,Vented
3/31/2023 3:15,3/31/2023 3:45,1800,Separator,3.6,0.0154,Separator Pneumatic Emissions,Vented
4/1/2023 17:03,4/1/2023 17:06,180,Separator,1.5,0.0422,Separator Pneumatic Emissions,Vented
4/1/2023 17:03,4/1/2023 17:06,181,Separator,0.8,0.1117,Separator Pneumatic Emissions,Vented
4/1/2023 17:07,4/1/2023 17:10,180,Well Head,0.4,0.0407,Wellhead Pneumatic Emissions,Vented
4/1/2023 17:10,4/1/2023 17:40,1800,Well Head,0.4,0.0407,Wellhead Pneumatic Emissions,Vented
4/1/2023 17:10,4/1/2023 17:40,1800,Separator,1.5,0.0422,Separator Pneumatic Emissions,Vented
4/1/2023 17:10,4/1/2023 19:10,7199,Separator,0.8,0.1316,Separator Pneumatic Emissions,Vented
4/1/2023 17:40,4/1/2023 18:40,3600,Well Head,0.4,0.0407,Wellhead Pneumatic Emissions,Vented
4/1/2023 17:40,4/1/2023 18:40,3600,Separator,1.5,0.0422,Separator Pneumatic Emissions,Vented
4/1/2023 18:40,4/1/2023 19:25,2700,Well Head,0.4,0.0407,Wellhead Pneumatic Emissions,Vented
4/1/2023 18:40,4/1/2023 19:25,2700,Separator,1.5,0.0422,Separator Pneumatic Emissions,Vented
4/1/2023 19:10,4/1/2023 21:40,9000,Separator,0.8,0.1248,Separator Pneumatic Emissions,Vented
4/1/2023 19:25,4/1/2023 20:25,3600,Well Head,0.4,0.0407,Wellhead Pneumatic Emissions,Vented
4/1/2023 19:25,4/1/2023 20:25,3600,Separator,1.5,0.0422,Separator Pneumatic Emissions,Vented
4/1/2023 20:25,4/1/2023 21:40,4500,Well Head,0.4,0.0407,Wellhead Pneumatic Emissions,Vented
4/1/2023 20:25,4/1/2023 21:40,4500,Separator,1.5,0.0422,Separator Pneumatic Emissions,Vented
4/2/2023 1:40,4/2/2023 1:43,180,Separator,3.6,0.0164,Separator Pneumatic Emissions,Vented
4/2/2023 1:40,4/2/2023 1:43,180,Well Head,1.1,0.1182,Wellhead Component Leak,Fugitive
4/2/2023 1:44,4/2/2023 1:47,180,Well Head,1.5,0.0157,Wellhead Pneumatic Emissions,Vented
4/2/2023 1:47,4/2/2023 4:02,8100,Well Head,1.5,0.0157,Wellhead Pneumatic Emissions,Vented
4/2/2023 1:47,4/2/2023 4:02,8100,Separator,3.6,0.0164,Separator Pneumatic Emissions,Vented
4/2/2023 1:47,4/2/2023 2:47,3599,Well Head,1.1,0.1189,Wellhead Component Leak,Fugitive
4/2/2023 2:00,4/2/2023 2:47,2859,Well Head,1.1,0.1187,Wellhead Component Leak,Fugitive
4/2/2023 2:00,4/2/2023 4:02,7359,Well Head,1.5,0.0571,Wellhead Pneumatic Emissions,Vented
4/2/2023 2:00,4/2/2023 4:02,7359,Separator,3.6,0.0566,Separator Pneumatic Emissions,Vented
4/2/2023 2:47,4/2/2023 3:32,2700,Well Head,1.1,0.1191,Wellhead Component Leak,Fugitive
4/2/2023 3:32,4/2/2023 3:47,900,Well Head,1.1,0.1177,Wellhead Component Leak,Fugitive
4/2/2023 3:47,4/2/2023 5:02,4501,Well Head,1.1,0.1188,Wellhead Component Leak,Fugitive
4/2/2023 4:02,4/2/2023 4:32,1800,Well Head,1.5,0.0157,Wellhead Pneumatic Emissions,Vented
4/2/2023 4:02,4/2/2023 4:32,1800,Well Head,1.5,0.0571,Wellhead Pneumatic Emissions,Vented
4/2/2023 4:02,4/2/2023 4:32,1800,Separator,3.6,0.0164,Separator Pneumatic Emissions,Vented
4/2/2023 4:02,4/2/2023 4:32,1800,Separator,3.6,0.0566,Separator Pneumatic Emissions,Vented
4/2/2023 4:32,4/2/2023 4:47,900,Well Head,1.5,0.0157,Wellhead Pneumatic Emissions,Vented
4/2/2023 4:32,4/2/2023 4:47,900,Well Head,1.5,0.0571,Wellhead Pneumatic Emissions,Vented
4/2/2023 4:32,4/2/2023 4:47,900,Separator,3.6,0.0164,Separator Pneumatic Emissions,Vented
4/2/2023 4:32,4/2/2023 4:47,900,Separator,3.6,0.0566,Separator Pneumatic Emissions,Vented
4/2/2023 4:47,4/2/2023 5:32,2700,Well Head,1.5,0.0157,Wellhead Pneumatic Emissions,Vented
4/2/2023 4:47,4/2/2023 5:32,2700,Well Head,1.5,0.0571,Wellhead Pneumatic Emissions,Vented
4/2/2023 4:47,4/2/2023 5:32,2700,Separator,3.6,0.0164,Separator Pneumatic Emissions,Vented
4/2/2023 4:47,4/2/2023 5:32,2700,Separator,3.6,0.0566,Separator Pneumatic Emissions,Vented
4/2/2023 5:02,4/2/2023 7:17,8099,Well Head,1.1,0.1183,Wellhead Component Leak,Fugitive
4/2/2023 5:32,4/2/2023 6:02,1800,Well Head,1.5,0.0157,Wellhead Pneumatic Emissions,Vented
4/2/2023 5:32,4/2/2023 6:02,1800,Well Head,1.5,0.0571,Wellhead Pneumatic Emissions,Vented
4/2/2023 5:32,4/2/2023 6:02,1800,Separator,3.6,0.0164,Separator Pneumatic Emissions,Vented
4/2/2023 5:32,4/2/2023 6:02,1800,Separator,3.6,0.0566,Separator Pneumatic Emissions,Vented
4/2/2023 6:02,4/2/2023 6:32,1800,Well Head,1.5,0.0157,Wellhead Pneumatic Emissions,Vented
4/2/2023 6:02,4/2/2023 6:32,1800,Well Head,1.5,0.0571,Wellhead Pneumatic Emissions,Vented
4/2/2023 6:02,4/2/2023 6:32,1800,Separator,3.6,0.0164,Separator Pneumatic Emissions,Vented
4/2/2023 6:02,4/2/2023 6:32,1800,Separator,3.6,0.0566,Separator Pneumatic Emissions,Vented
4/2/2023 6:32,4/2/2023 6:47,900,Well Head,1.5,0.0157,Wellhead Pneumatic Emissions,Vented
4/2/2023 6:32,4/2/2023 6:47,900,Well Head,1.5,0.0571,Wellhead Pneumatic Emissions,Vented
4/2/2023 6:32,4/2/2023 6:47,900,Separator,3.6,0.0164,Separator Pneumatic Emissions,Vented
4/2/2023 6:32,4/2/2023 6:47,900,Separator,3.6,0.0566,Separator Pneumatic Emissions,Vented
4/2/2023 6:47,4/2/2023 7:02,900,Well Head,1.5,0.0157,Wellhead Pneumatic Emissions,Vented
4/2/2023 6:47,4/2/2023 7:02,900,Well Head,1.5,0.0571,Wellhead Pneumatic Emissions,Vented
4/2/2023 6:47,4/2/2023 7:02,900,Separator,3.6,0.0164,Separator Pneumatic Emissions,Vented
4/2/2023 6:47,4/2/2023 7:02,900,Separator,3.6,0.0566,Separator Pneumatic Emissions,Vented
4/2/2023 7:02,4/2/2023 7:17,900,Well Head,1.5,0.0157,Wellhead Pneumatic Emissions,Vented
4/2/2023 7:02,4/2/2023 7:17,900,Well Head,1.5,0.0571,Wellhead Pneumatic Emissions,Vented
4/2/2023 7:02,4/2/2023 7:17,900,Separator,3.6,0.0164,Separator Pneumatic Emissions,Vented
4/2/2023 7:02,4/2/2023 7:17,900,Separator,3.6,0.0566,Separator Pneumatic Emissions,Vented
4/2/2023 10:17,4/2/2023 11:17,3600,Well Head,1.5,0.064,Wellhead Pneumatic Emissions,Vented
4/2/2023 10:17,4/2/2023 11:17,3599,Separator,0.5,0.1389,Separator Pneumatic Emissions,Vented
4/2/2023 11:17,4/2/2023 11:32,900,Separator,0.5,0.1423,Separator Pneumatic Emissions,Vented
4/2/2023 11:17,4/2/2023 12:47,5400,Well Head,1.5,0.0661,Wellhead Pneumatic Emissions,Vented
4/2/2023 11:32,4/2/2023 13:47,8100,Separator,0.5,0.1352,Separator Pneumatic Emissions,Vented
4/2/2023 12:47,4/2/2023 13:02,900,Well Head,1.5,0.0604,Wellhead Pneumatic Emissions,Vented
4/2/2023 13:02,4/2/2023 13:47,2700,Well Head,1.5,0.0545,Wellhead Pneumatic Emissions,Vented
4/2/2023 17:47,4/2/2023 17:50,180,Separator,3.6,0.0566,Separator Pneumatic Emissions,Vented
4/2/2023 17:47,4/2/2023 17:50,181,Well Head,1.1,0.1364,Wellhead Component Leak,Fugitive
4/2/2023 17:51,4/2/2023 17:54,180,Well Head,1.5,0.0571,Wellhead Pneumatic Emissions,Vented
4/2/2023 17:54,4/2/2023 18:24,1800,Well Head,1.5,0.0571,Wellhead Pneumatic Emissions,Vented
4/2/2023 17:54,4/2/2023 18:24,1800,Separator,3.6,0.0566,Separator Pneumatic Emissions,Vented
4/2/2023 17:54,4/2/2023 18:09,899,Well Head,1.1,0.1361,Wellhead Component Leak,Fugitive
4/2/2023 18:09,4/2/2023 23:09,18000,Well Head,1.1,0.1257,Wellhead Component Leak,Fugitive
4/2/2023 18:24,4/2/2023 18:39,900,Well Head,1.5,0.0571,Wellhead Pneumatic Emissions,Vented
4/2/2023 18:24,4/2/2023 18:39,900,Separator,3.6,0.0566,Separator Pneumatic Emissions,Vented
4/2/2023 18:39,4/2/2023 19:09,1800,Well Head,1.5,0.0571,Wellhead Pneumatic Emissions,Vented
4/2/2023 18:39,4/2/2023 19:09,1800,Separator,3.6,0.0566,Separator Pneumatic Emissions,Vented
4/2/2023 19:09,4/2/2023 19:24,900,Well Head,1.5,0.0571,Wellhead Pneumatic Emissions,Vented
4/2/2023 19:09,4/2/2023 19:24,900,Separator,3.6,0.0566,Separator Pneumatic Emissions,Vented
4/2/2023 19:24,4/2/2023 21:39,8100,Well Head,1.5,0.0571,Wellhead Pneumatic Emissions,Vented
4/2/2023 19:24,4/2/2023 21:39,8100,Separator,3.6,0.0566,Separator Pneumatic Emissions,Vented
4/2/2023 21:39,4/2/2023 21:54,900,Well Head,1.5,0.0571,Wellhead Pneumatic Emissions,Vented
4/2/2023 21:39,4/2/2023 21:54,900,Separator,3.6,0.0566,Separator Pneumatic Emissions,Vented
4/2/2023 21:54,4/2/2023 22:54,3600,Well Head,1.5,0.0571,Wellhead Pneumatic Emissions,Vented
4/2/2023 21:54,4/2/2023 22:54,3600,Separator,3.6,0.0566,Separator Pneumatic Emissions,Vented
4/2/2023 22:54,4/2/2023 23:24,1800,Well Head,1.5,0.0571,Wellhead Pneumatic Emissions,Vented
4/2/2023 22:54,4/2/2023 23:24,1800,Separator,3.6,0.0566,Separator Pneumatic Emissions,Vented
4/2/2023 23:09,4/2/2023 23:24,901,Well Head,1.1,0.1186,Wellhead Component Leak,Fugitive
4/3/2023 2:24,4/3/2023 2:27,181,Separator,1.5,0.0063,Separator Pneumatic Emissions,Vented
4/3/2023 2:24,4/3/2023 2:27,179,Separator,0.8,0.1137,Separator Pneumatic Emissions,Vented
4/3/2023 2:28,4/3/2023 2:31,180,Well Head,0.4,0.0063,Wellhead Pneumatic Emissions,Vented
4/3/2023 2:31,4/3/2023 3:01,1800,Well Head,0.4,0.0063,Wellhead Pneumatic Emissions,Vented
4/3/2023 2:31,4/3/2023 3:01,1800,Separator,1.5,0.0063,Separator Pneumatic Emissions,Vented
4/3/2023 2:31,4/3/2023 3:31,3599,Separator,0.8,0.1128,Separator Pneumatic Emissions,Vented
4/3/2023 3:01,4/3/2023 3:16,900,Well Head,0.4,0.0063,Wellhead Pneumatic Emissions,Vented
4/3/2023 3:01,4/3/2023 3:16,900,Separator,1.5,0.0063,Separator Pneumatic Emissions,Vented
4/3/2023 3:16,4/3/2023 3:46,1800,Well Head,0.4,0.0063,Wellhead Pneumatic Emissions,Vented
4/3/2023 3:16,4/3/2023 3:46,1800,Separator,1.5,0.0063,Separator Pneumatic Emissions,Vented
4/3/2023 3:31,4/3/2023 4:31,3600,Separator,0.8,0.111,Separator Pneumatic Emissions,Vented
4/3/2023 3:46,4/3/2023 4:16,1800,Well Head,0.4,0.0063,Wellhead Pneumatic Emissions,Vented
4/3/2023 3:46,4/3/2023 4:16,1800,Separator,1.5,0.0063,Separator Pneumatic Emissions,Vented
4/3/2023 4:16,4/3/2023 4:31,900,Well Head,0.4,0.0063,Wellhead Pneumatic Emissions,Vented
4/3/2023 4:16,4/3/2023 4:31,900,Separator,1.5,0.0063,Separator Pneumatic Emissions,Vented
4/3/2023 4:31,4/3/2023 4:46,900,Well Head,0.4,0.0063,Wellhead Pneumatic Emissions,Vented
4/3/2023 4:31,4/3/2023 4:46,900,Separator,1.5,0.0063,Separator Pneumatic Emissions,Vented
4/3/2023 4:31,4/3/2023 5:16,2700,Separator,0.8,0.1115,Separator Pneumatic Emissions,Vented
4/3/2023 4:46,4/3/2023 5:01,900,Well Head,0.4,0.0063,Wellhead Pneumatic Emissions,Vented
4/3/2023 4:46,4/3/2023 5:01,900,Separator,1.5,0.0063,Separator Pneumatic Emissions,Vented
4/3/2023 5:01,4/3/2023 6:01,3600,Well Head,0.4,0.0063,Wellhead Pneumatic Emissions,Vented
4/3/2023 5:01,4/3/2023 6:01,3600,Separator,1.5,0.0063,Separator Pneumatic Emissions,Vented
4/3/2023 5:16,4/3/2023 7:01,6300,Separator,0.8,0.1149,Separator Pneumatic Emissions,Vented
4/3/2023 6:01,4/3/2023 7:01,3600,Well Head,0.4,0.0063,Wellhead Pneumatic Emissions,Vented
4/3/2023 6:01,4/3/2023 7:01,3600,Separator,1.5,0.0063,Separator Pneumatic Emissions,Vented
4/3/2023 9:01,4/3/2023 9:04,179,Separator,3.6,0.0144,Separator Pneumatic Emissions,Vented
4/3/2023 9:01,4/3/2023 9:04,180,Well Head,1.1,0.119,Wellhead Component Leak,Fugitive
4/3/2023 9:05,4/3/2023 9:08,181,Well Head,1.5,0.0141,Wellhead Pneumatic Emissions,Vented
4/3/2023 9:08,4/3/2023 9:23,899,Well Head,1.5,0.0141,Wellhead Pneumatic Emissions,Vented
4/3/2023 9:08,4/3/2023 9:23,899,Separator,3.6,0.0144,Separator Pneumatic Emissions,Vented
4/3/2023 9:08,4/3/2023 10:30,4871,Well Head,1.1,0.1219,Wellhead Component Leak,Fugitive
4/3/2023 9:23,4/3/2023 9:38,900,Well Head,1.5,0.0141,Wellhead Pneumatic Emissions,Vented
4/3/2023 9:23,4/3/2023 9:38,900,Separator,3.6,0.0144,Separator Pneumatic Emissions,Vented
4/3/2023 9:38,4/3/2023 10:23,2700,Well Head,1.5,0.0141,Wellhead Pneumatic Emissions,Vented
4/3/2023 9:38,4/3/2023 10:23,2700,Separator,3.6,0.0144,Separator Pneumatic Emissions,Vented
4/3/2023 10:23,4/3/2023 10:30,372,Well Head,1.5,0.0141,Wellhead Pneumatic Emissions,Vented
4/3/2023 10:23,4/3/2023 10:30,372,Separator,3.6,0.0144,Separator Pneumatic Emissions,Vented
4/3/2023 11:03,4/3/2023 11:06,180,Separator,1.3,0.0307,Separator Pneumatic Emissions,Vented
4/3/2023 11:03,4/3/2023 11:06,180,Separator,1.2,0.1066,Separator Pneumatic Emissions,Vented
4/3/2023 11:07,4/3/2023 11:10,180,Well Head,0,0.1056,Wellhead Component Leak,Fugitive
4/3/2023 11:07,4/3/2023 11:10,180,Well Head,1.2,0.031,Wellhead Pneumatic Emissions,Vented
4/3/2023 11:10,4/3/2023 11:25,899,Well Head,1.2,0.031,Wellhead Pneumatic Emissions,Vented
4/3/2023 11:10,4/3/2023 11:25,899,Separator,1.3,0.0307,Separator Pneumatic Emissions,Vented
4/3/2023 11:10,4/3/2023 11:40,1799,Well Head,0,0.1056,Wellhead Component Leak,Fugitive
4/3/2023 11:10,4/3/2023 11:40,1799,Separator,1.2,0.1066,Separator Pneumatic Emissions,Vented
4/3/2023 11:25,4/3/2023 11:40,900,Well Head,1.2,0.031,Wellhead Pneumatic Emissions,Vented
4/3/2023 11:25,4/3/2023 11:40,900,Separator,1.3,0.0307,Separator Pneumatic Emissions,Vented
4/3/2023 11:40,4/3/2023 11:55,900,Well Head,1.2,0.031,Wellhead Pneumatic Emissions,Vented
4/3/2023 11:40,4/3/2023 11:55,900,Separator,1.3,0.0307,Separator Pneumatic Emissions,Vented
4/3/2023 11:40,4/3/2023 12:10,1800,Well Head,0,0.1056,Wellhead Component Leak,Fugitive
4/3/2023 11:40,4/3/2023 12:10,1800,Separator,1.2,0.1066,Separator Pneumatic Emissions,Vented
4/3/2023 11:55,4/3/2023 12:10,900,Well Head,1.2,0.031,Wellhead Pneumatic Emissions,Vented
4/3/2023 11:55,4/3/2023 12:10,900,Separator,1.3,0.0307,Separator Pneumatic Emissions,Vented
4/3/2023 13:05,4/3/2023 13:35,1800,Separator,3.1,1.0647,Separator Component Leak,Fugitive
4/3/2023 13:05,4/3/2023 14:35,5400,Well Head,1.1,0.5973,Wellhead Component Leak,Fugitive
4/3/2023 13:35,4/3/2023 14:05,1800,Separator,3.1,1.075,Separator Component Leak,Fugitive
4/3/2023 14:05,4/3/2023 14:35,1800,Separator,3.1,1.0686,Separator Component Leak,Fugitive
4/3/2023 16:35,4/3/2023 16:38,180,Well Head,1.1,0.1864,Wellhead Component Leak,Fugitive
4/3/2023 16:35,4/3/2023 16:38,179,Separator,3.6,0.1032,Separator Pneumatic Emissions,Vented
4/3/2023 16:39,4/3/2023 16:42,180,Well Head,1.5,0.1373,Wellhead Component Leak,Fugitive
4/3/2023 16:42,4/3/2023 17:12,1800,Well Head,1.1,0.1861,Wellhead Component Leak,Fugitive
4/3/2023 16:42,4/3/2023 17:12,1800,Well Head,1.5,0.1373,Wellhead Component Leak,Fugitive
4/3/2023 16:42,4/3/2023 17:12,1800,Separator,3.6,0.1032,Separator Pneumatic Emissions,Vented
4/3/2023 17:12,4/3/2023 17:27,900,Well Head,1.1,0.1864,Wellhead Component Leak,Fugitive
4/3/2023 17:12,4/3/2023 17:57,2700,Well Head,1.5,0.1373,Wellhead Component Leak,Fugitive
4/3/2023 17:12,4/3/2023 17:57,2700,Separator,3.6,0.1032,Separator Pneumatic Emissions,Vented
4/3/2023 17:27,4/3/2023 17:42,900,Well Head,1.1,0.1864,Wellhead Component Leak,Fugitive
4/3/2023 17:42,4/3/2023 18:42,3600,Well Head,1.1,0.1866,Wellhead Component Leak,Fugitive
4/3/2023 17:57,4/3/2023 18:27,1800,Well Head,1.5,0.1373,Wellhead Component Leak,Fugitive
4/3/2023 17:57,4/3/2023 18:27,1800,Separator,3.6,0.1032,Separator Pneumatic Emissions,Vented
4/3/2023 18:27,4/3/2023 18:42,900,Well Head,1.5,0.1373,Wellhead Component Leak,Fugitive
4/3/2023 18:27,4/3/2023 18:42,900,Separator,3.6,0.1032,Separator Pneumatic Emissions,Vented
4/3/2023 18:42,4/3/2023 19:12,1800,Well Head,1.5,0.1373,Wellhead Component Leak,Fugitive
4/3/2023 18:42,4/3/2023 19:12,1800,Separator,3.6,0.1032,Separator Pneumatic Emissions,Vented
4/3/2023 18:42,4/3/2023 19:42,3600,Well Head,1.1,0.1873,Wellhead Component Leak,Fugitive
4/3/2023 19:12,4/3/2023 19:27,900,Well Head,1.5,0.1373,Wellhead Component Leak,Fugitive
4/3/2023 19:12,4/3/2023 19:27,900,Separator,3.6,0.1032,Separator Pneumatic Emissions,Vented
4/3/2023 19:27,4/3/2023 19:42,900,Well Head,1.5,0.1373,Wellhead Component Leak,Fugitive
4/3/2023 19:27,4/3/2023 19:42,900,Separator,3.6,0.1032,Separator Pneumatic Emissions,Vented
4/3/2023 19:42,4/3/2023 19:57,900,Well Head,1.5,0.1373,Wellhead Component Leak,Fugitive
4/3/2023 19:42,4/3/2023 19:57,900,Separator,3.6,0.1032,Separator Pneumatic Emissions,Vented
4/3/2023 19:42,4/3/2023 22:12,9001,Well Head,1.1,0.1898,Wellhead Component Leak,Fugitive
4/3/2023 19:57,4/3/2023 20:12,900,Well Head,1.5,0.1373,Wellhead Component Leak,Fugitive
4/3/2023 19:57,4/3/2023 20:12,900,Separator,3.6,0.1032,Separator Pneumatic Emissions,Vented
4/3/2023 20:12,4/3/2023 20:42,1800,Well Head,1.5,0.1373,Wellhead Component Leak,Fugitive
4/3/2023 20:12,4/3/2023 20:42,1800,Separator,3.6,0.1032,Separator Pneumatic Emissions,Vented
4/3/2023 20:42,4/3/2023 20:57,900,Well Head,1.5,0.1373,Wellhead Component Leak,Fugitive
4/3/2023 20:42,4/3/2023 20:57,900,Separator,3.6,0.1032,Separator Pneumatic Emissions,Vented
4/3/2023 20:57,4/3/2023 21:27,1800,Well Head,1.5,0.1373,Wellhead Component Leak,Fugitive
4/3/2023 20:57,4/3/2023 21:27,1800,Separator,3.6,0.1032,Separator Pneumatic Emissions,Vented
4/3/2023 21:27,4/3/2023 22:12,2700,Well Head,1.5,0.1373,Wellhead Component Leak,Fugitive
4/3/2023 21:27,4/3/2023 22:12,2700,Separator,3.6,0.1032,Separator Pneumatic Emissions,Vented
4/4/2023 0:12,4/4/2023 0:15,179,Separator,0.8,0.2012,Separator Pneumatic Emissions,Vented
4/4/2023 0:12,4/4/2023 0:15,179,Separator,1.5,0.1066,Separator Pneumatic Emissions,Vented
4/4/2023 0:16,4/4/2023 0:19,180,Well Head,0.4,0.0993,Wellhead Pneumatic Emissions,Vented
4/4/2023 0:19,4/4/2023 1:49,5400,Separator,0.8,0.2012,Separator Pneumatic Emissions,Vented
4/4/2023 0:19,4/4/2023 0:34,899,Well Head,0.4,0.0993,Wellhead Pneumatic Emissions,Vented
4/4/2023 0:19,4/4/2023 0:34,899,Separator,1.5,0.1066,Separator Pneumatic Emissions,Vented
4/4/2023 0:34,4/4/2023 1:49,4500,Well Head,0.4,0.0993,Wellhead Pneumatic Emissions,Vented
4/4/2023 0:34,4/4/2023 1:49,4500,Separator,1.5,0.1066,Separator Pneumatic Emissions,Vented
4/4/2023 1:49,4/4/2023 2:34,2700,Separator,0.8,0.2013,Separator Pneumatic Emissions,Vented
4/4/2023 1:49,4/4/2023 3:04,4500,Well Head,0.4,0.0993,Wellhead Pneumatic Emissions,Vented
4/4/2023 1:49,4/4/2023 3:04,4500,Separator,1.5,0.1066,Separator Pneumatic Emissions,Vented
4/4/2023 2:00,4/4/2023 2:34,2053,Separator,0.8,0.2012,Separator Pneumatic Emissions,Vented
4/4/2023 2:00,4/4/2023 3:04,3853,Well Head,0.4,0.1003,Wellhead Component Leak,Fugitive
4/4/2023 2:00,4/4/2023 3:04,3853,Separator,1.5,0.1073,Separator Pneumatic Emissions,Vented
4/4/2023 2:34,4/4/2023 3:49,4500,Separator,0.8,0.2016,Separator Pneumatic Emissions,Vented
4/4/2023 2:34,4/4/2023 3:49,4501,Separator,0.8,0.2015,Separator Pneumatic Emissions,Vented
4/4/2023 3:04,4/4/2023 3:19,900,Well Head,0.4,0.0993,Wellhead Pneumatic Emissions,Vented
4/4/2023 3:04,4/4/2023 3:19,900,Well Head,0.4,0.1003,Wellhead Component Leak,Fugitive
4/4/2023 3:04,4/4/2023 3:19,900,Separator,1.5,0.1066,Separator Pneumatic Emissions,Vented
4/4/2023 3:04,4/4/2023 3:19,900,Separator,1.5,0.1073,Separator Pneumatic Emissions,Vented
4/4/2023 3:19,4/4/2023 3:49,1800,Well Head,0.4,0.0993,Wellhead Pneumatic Emissions,Vented
4/4/2023 3:19,4/4/2023 3:49,1800,Well Head,0.4,0.1003,Wellhead Component Leak,Fugitive
4/4/2023 3:19,4/4/2023 3:49,1800,Separator,1.5,0.1066,Separator Pneumatic Emissions,Vented
4/4/2023 3:19,4/4/2023 3:49,1800,Separator,1.5,0.1073,Separator Pneumatic Emissions,Vented
4/4/2023 5:49,4/4/2023 5:52,180,Separator,0.5,0.0478,Separator Pneumatic Emissions,Vented
4/4/2023 5:49,4/4/2023 5:52,180,Separator,1.3,0.0451,Separator Pneumatic Emissions,Vented
4/4/2023 5:53,4/4/2023 5:56,180,Well Head,0.9,0.1034,Wellhead Component Leak,Fugitive
4/4/2023 5:56,4/4/2023 6:56,3600,Separator,0.5,0.0478,Separator Pneumatic Emissions,Vented
4/4/2023 5:56,4/4/2023 6:56,3600,Well Head,0.9,0.1034,Wellhead Component Leak,Fugitive
4/4/2023 5:56,4/4/2023 6:56,3600,Separator,1.3,0.0451,Separator Pneumatic Emissions,Vented
4/4/2023 6:56,4/4/2023 7:11,900,Separator,1.3,0.0451,Separator Pneumatic Emissions,Vented
4/4/2023 6:56,4/4/2023 8:11,4500,Separator,0.5,0.0478,Separator Pneumatic Emissions,Vented
4/4/2023 6:56,4/4/2023 8:11,4500,Well Head,0.9,0.1034,Wellhead Component Leak,Fugitive
4/4/2023 7:11,4/4/2023 7:26,900,Separator,1.3,0.0448,Separator Pneumatic Emissions,Vented
4/4/2023 7:26,4/4/2023 7:41,900,Separator,1.3,0.0451,Separator Pneumatic Emissions,Vented
4/4/2023 7:41,4/4/2023 9:11,5400,Separator,1.3,0.045,Separator Pneumatic Emissions,Vented
4/4/2023 8:11,4/4/2023 8:41,1800,Separator,0.5,0.0478,Separator Pneumatic Emissions,Vented
4/4/2023 8:11,4/4/2023 8:41,1800,Well Head,0.9,0.1034,Wellhead Component Leak,Fugitive
4/4/2023 8:41,4/4/2023 9:11,1800,Separator,0.5,0.0478,Separator Pneumatic Emissions,Vented
4/4/2023 8:41,4/4/2023 9:11,1800,Well Head,0.9,0.1034,Wellhead Component Leak,Fugitive
4/4/2023 9:11,4/4/2023 9:26,900,Separator,1.3,0.045,Separator Pneumatic Emissions,Vented
4/4/2023 9:11,4/4/2023 10:26,4500,Separator,0.5,0.0478,Separator Pneumatic Emissions,Vented
4/4/2023 9:11,4/4/2023 10:26,4500,Well Head,0.9,0.1034,Wellhead Component Leak,Fugitive
4/4/2023 9:26,4/4/2023 10:26,3600,Separator,1.3,0.0449,Separator Pneumatic Emissions,Vented
4/4/2023 10:26,4/4/2023 10:41,900,Separator,1.3,0.045,Separator Pneumatic Emissions,Vented
4/4/2023 10:26,4/4/2023 10:56,1800,Separator,0.5,0.0478,Separator Pneumatic Emissions,Vented
4/4/2023 10:26,4/4/2023 10:56,1800,Well Head,0.9,0.1034,Wellhead Component Leak,Fugitive
4/4/2023 10:41,4/4/2023 11:41,3600,Separator,1.3,0.0449,Separator Pneumatic Emissions,Vented
4/4/2023 10:56,4/4/2023 11:26,1800,Separator,0.5,0.0478,Separator Pneumatic Emissions,Vented
4/4/2023 10:56,4/4/2023 11:26,1800,Well Head,0.9,0.1034,Wellhead Component Leak,Fugitive
4/4/2023 11:26,4/4/2023 12:26,3601,Separator,0.5,0.0478,Separator Pneumatic Emissions,Vented
4/4/2023 11:26,4/4/2023 12:26,3601,Well Head,0.9,0.1034,Wellhead Component Leak,Fugitive
4/4/2023 11:41,4/4/2023 12:26,2701,Separator,1.3,0.0448,Separator Pneumatic Emissions,Vented
4/4/2023 14:26,4/4/2023 14:29,180,Separator,1.2,0.0473,Separator Pneumatic Emissions,Vented
4/4/2023 14:26,4/4/2023 14:29,180,Separator,1.3,0.1036,Separator Pneumatic Emissions,Vented
4/4/2023 14:30,4/4/2023 14:33,180,Well Head,0,0.1041,Wellhead Component Leak,Fugitive
4/4/2023 14:30,4/4/2023 14:33,181,Well Head,1.2,0.0493,Wellhead Pneumatic Emissions,Vented
4/4/2023 14:33,4/4/2023 16:03,5400,Well Head,0,0.1041,Wellhead Component Leak,Fugitive
4/4/2023 14:33,4/4/2023 16:03,5400,Separator,1.2,0.0473,Separator Pneumatic Emissions,Vented
4/4/2023 14:33,4/4/2023 15:03,1799,Well Head,1.2,0.0493,Wellhead Pneumatic Emissions,Vented
4/4/2023 14:33,4/4/2023 15:03,1799,Separator,1.3,0.1036,Separator Pneumatic Emissions,Vented
4/4/2023 15:03,4/4/2023 15:18,900,Well Head,1.2,0.0493,Wellhead Pneumatic Emissions,Vented
4/4/2023 15:03,4/4/2023 15:18,900,Separator,1.3,0.1036,Separator Pneumatic Emissions,Vented
4/4/2023 15:18,4/4/2023 15:33,900,Well Head,1.2,0.0493,Wellhead Pneumatic Emissions,Vented
4/4/2023 15:18,4/4/2023 15:33,900,Separator,1.3,0.1036,Separator Pneumatic Emissions,Vented
4/4/2023 15:33,4/4/2023 15:48,900,Well Head,1.2,0.0493,Wellhead Pneumatic Emissions,Vented
4/4/2023 15:33,4/4/2023 15:48,900,Separator,1.3,0.1036,Separator Pneumatic Emissions,Vented
4/4/2023 15:48,4/4/2023 16:03,900,Well Head,1.2,0.0493,Wellhead Pneumatic Emissions,Vented
4/4/2023 15:48,4/4/2023 16:03,900,Separator,1.3,0.1036,Separator Pneumatic Emissions,Vented
4/4/2023 16:03,4/4/2023 16:18,900,Well Head,1.2,0.0493,Wellhead Pneumatic Emissions,Vented
4/4/2023 16:03,4/4/2023 16:18,900,Separator,1.3,0.1036,Separator Pneumatic Emissions,Vented
4/4/2023 16:03,4/4/2023 16:33,1800,Well Head,0,0.1041,Wellhead Component Leak,Fugitive
4/4/2023 16:03,4/4/2023 16:33,1800,Separator,1.2,0.0473,Separator Pneumatic Emissions,Vented
4/4/2023 16:18,4/4/2023 16:33,900,Well Head,1.2,0.0493,Wellhead Pneumatic Emissions,Vented
4/4/2023 16:18,4/4/2023 16:33,900,Separator,1.3,0.1036,Separator Pneumatic Emissions,Vented
4/4/2023 16:33,4/4/2023 17:18,2700,Well Head,1.2,0.0493,Wellhead Pneumatic Emissions,Vented
4/4/2023 16:33,4/4/2023 17:18,2700,Separator,1.3,0.1036,Separator Pneumatic Emissions,Vented
4/4/2023 16:33,4/4/2023 18:03,5400,Well Head,0,0.1041,Wellhead Component Leak,Fugitive
4/4/2023 16:33,4/4/2023 18:03,5400,Separator,1.2,0.0473,Separator Pneumatic Emissions,Vented
4/4/2023 17:18,4/4/2023 18:03,2700,Well Head,1.2,0.0493,Wellhead Pneumatic Emissions,Vented
4/4/2023 17:18,4/4/2023 18:03,2700,Separator,1.3,0.1036,Separator Pneumatic Emissions,Vented
4/4/2023 20:03,4/4/2023 20:06,180,Separator,1.5,0.1073,Separator Pneumatic Emissions,Vented
4/4/2023 20:03,4/4/2023 20:06,181,Separator,0.8,0.2031,Separator Pneumatic Emissions,Vented
4/4/2023 20:07,4/4/2023 20:10,180,Well Head,0.4,0.1003,Wellhead Component Leak,Fugitive
4/4/2023 20:10,4/4/2023 20:55,2700,Well Head,0.4,0.1003,Wellhead Component Leak,Fugitive
4/4/2023 20:10,4/4/2023 20:55,2700,Separator,1.5,0.1073,Separator Pneumatic Emissions,Vented
4/4/2023 20:10,4/5/2023 0:40,16199,Separator,0.8,0.2037,Separator Pneumatic Emissions,Vented
4/4/2023 20:55,4/4/2023 21:10,900,Well Head,0.4,0.1003,Wellhead Component Leak,Fugitive
4/4/2023 20:55,4/4/2023 21:10,900,Separator,1.5,0.1073,Separator Pneumatic Emissions,Vented
4/4/2023 21:10,4/4/2023 21:55,2700,Well Head,0.4,0.1003,Wellhead Component Leak,Fugitive
4/4/2023 21:10,4/4/2023 21:55,2700,Separator,1.5,0.1073,Separator Pneumatic Emissions,Vented
4/4/2023 21:55,4/4/2023 22:25,1800,Well Head,0.4,0.1003,Wellhead Component Leak,Fugitive
4/4/2023 21:55,4/4/2023 22:25,1800,Separator,1.5,0.1073,Separator Pneumatic Emissions,Vented
4/4/2023 22:25,4/4/2023 22:40,900,Well Head,0.4,0.1003,Wellhead Component Leak,Fugitive
4/4/2023 22:25,4/4/2023 22:40,900,Separator,1.5,0.1073,Separator Pneumatic Emissions,Vented
4/4/2023 22:40,4/4/2023 23:25,2700,Well Head,0.4,0.1003,Wellhead Component Leak,Fugitive
4/4/2023 22:40,4/4/2023 23:25,2700,Separator,1.5,0.1073,Separator Pneumatic Emissions,Vented
4/4/2023 23:25,4/4/2023 23:55,1800,Well Head,0.4,0.1003,Wellhead Component Leak,Fugitive
4/4/2023 23:25,4/4/2023 23:55,1800,Separator,1.5,0.1073,Separator Pneumatic Emissions,Vented
4/4/2023 23:55,4/5/2023 0:10,900,Well Head,0.4,0.1003,Wellhead Component Leak,Fugitive
4/4/2023 23:55,4/5/2023 0:10,900,Separator,1.5,0.1073,Separator Pneumatic Emissions,Vented
4/5/2023 0:10,4/5/2023 0:40,1800,Well Head,0.4,0.1003,Wellhead Component Leak,Fugitive
4/5/2023 0:10,4/5/2023 0:40,1800,Separator,1.5,0.1073,Separator Pneumatic Emissions,Vented
4/5/2023 0:40,4/5/2023 0:55,900,Well Head,0.4,0.1003,Wellhead Component Leak,Fugitive
4/5/2023 0:40,4/5/2023 0:55,900,Separator,1.5,0.1073,Separator Pneumatic Emissions,Vented
4/5/2023 0:40,4/5/2023 1:10,1800,Separator,0.8,0.2039,Separator Pneumatic Emissions,Vented
4/5/2023 0:55,4/5/2023 1:25,1800,Well Head,0.4,0.1003,Wellhead Component Leak,Fugitive
4/5/2023 0:55,4/5/2023 1:25,1800,Separator,1.5,0.1073,Separator Pneumatic Emissions,Vented
4/5/2023 1:10,4/5/2023 1:40,1800,Separator,0.8,0.2036,Separator Pneumatic Emissions,Vented
4/5/2023 1:25,4/5/2023 1:40,900,Well Head,0.4,0.1003,Wellhead Component Leak,Fugitive
4/5/2023 1:25,4/5/2023 1:40,900,Separator,1.5,0.1073,Separator Pneumatic Emissions,Vented
4/5/2023 3:40,4/5/2023 6:10,9000,Well Head,1.5,0.1739,Wellhead Component Leak,Fugitive
4/5/2023 3:40,4/5/2023 6:55,11700,Separator,0.5,0.2043,Separator Pneumatic Emissions,Vented
4/5/2023 6:10,4/5/2023 7:40,5400,Well Head,1.5,0.1742,Wellhead Component Leak,Fugitive
4/5/2023 6:55,4/5/2023 8:10,4500,Separator,0.5,0.2037,Separator Pneumatic Emissions,Vented
4/5/2023 7:40,4/5/2023 8:10,1800,Well Head,1.5,0.171,Wellhead Component Leak,Fugitive
4/5/2023 10:10,4/5/2023 10:13,180,Well Head,1.1,0.1914,Wellhead Component Leak,Fugitive
4/5/2023 10:10,4/5/2023 10:13,180,Separator,3.6,0.105,Separator Pneumatic Emissions,Vented
4/5/2023 10:14,4/5/2023 10:17,181,Well Head,1.5,0.1395,Wellhead Component Leak,Fugitive
4/5/2023 10:17,4/5/2023 11:02,2699,Well Head,1.5,0.1395,Wellhead Component Leak,Fugitive
4/5/2023 10:17,4/5/2023 11:02,2699,Separator,3.6,0.105,Separator Pneumatic Emissions,Vented
4/5/2023 10:17,4/5/2023 12:32,8099,Well Head,1.1,0.1904,Wellhead Component Leak,Fugitive
4/5/2023 11:02,4/5/2023 11:17,900,Well Head,1.5,0.1395,Wellhead Component Leak,Fugitive
4/5/2023 11:02,4/5/2023 11:17,900,Separator,3.6,0.105,Separator Pneumatic Emissions,Vented
4/5/2023 11:17,4/5/2023 12:02,2700,Well Head,1.5,0.1395,Wellhead Component Leak,Fugitive
4/5/2023 11:17,4/5/2023 12:02,2700,Separator,3.6,0.105,Separator Pneumatic Emissions,Vented
4/5/2023 12:02,4/5/2023 12:32,1800,Well Head,1.5,0.1395,Wellhead Component Leak,Fugitive
4/5/2023 12:02,4/5/2023 12:32,1800,Separator,3.6,0.105,Separator Pneumatic Emissions,Vented
4/5/2023 12:32,4/5/2023 12:47,900,Well Head,1.5,0.1395,Wellhead Component Leak,Fugitive
4/5/2023 12:32,4/5/2023 12:47,900,Separator,3.6,0.105,Separator Pneumatic Emissions,Vented
4/5/2023 12:32,4/5/2023 15:02,9000,Well Head,1.1,0.1895,Wellhead Component Leak,Fugitive
4/5/2023 12:47,4/5/2023 13:02,900,Well Head,1.5,0.1395,Wellhead Component Leak,Fugitive
4/5/2023 12:47,4/5/2023 13:02,900,Separator,3.6,0.105,Separator Pneumatic Emissions,Vented
4/5/2023 13:02,4/5/2023 15:02,7200,Well Head,1.5,0.1395,Wellhead Component Leak,Fugitive
4/5/2023 13:02,4/5/2023 15:02,7200,Separator,3.6,0.105,Separator Pneumatic Emissions,Vented
4/5/2023 15:02,4/5/2023 15:17,900,Well Head,1.1,0.1888,Wellhead Component Leak,Fugitive
4/5/2023 15:02,4/5/2023 15:47,2700,Well Head,1.5,0.1395,Wellhead Component Leak,Fugitive
4/5/2023 15:02,4/5/2023 15:47,2700,Separator,3.6,0.105,Separator Pneumatic Emissions,Vented
4/5/2023 15:17,4/5/2023 15:47,1801,Well Head,1.1,0.1885,Wellhead Component Leak,Fugitive
4/5/2023 19:17,4/5/2023 19:20,180,Separator,1.2,0.5805,Separator Component Leak,Fugitive
4/5/2023 19:17,4/5/2023 19:20,180,Separator,1.3,0.4196,Separator Component Leak,Fugitive
4/5/2023 19:21,4/5/2023 19:24,180,Well Head,0,0.6363,Wellhead Component Leak,Fugitive
4/5/2023 19:21,4/5/2023 19:24,180,Tank,5.4,0.638,Tank Thief Hatch Leak,Fugitive
4/5/2023 19:25,4/5/2023 19:28,180,Well Head,1.2,0.4783,Wellhead Component Leak,Fugitive
4/5/2023 19:28,4/5/2023 19:43,900,Well Head,1.2,0.4783,Wellhead Component Leak,Fugitive
4/5/2023 19:28,4/5/2023 19:43,900,Separator,1.3,0.4196,Separator Component Leak,Fugitive
4/5/2023 19:28,4/5/2023 19:43,900,Tank,5.4,0.638,Tank Thief Hatch Leak,Fugitive
4/5/2023 19:28,4/5/2023 19:58,1800,Well Head,0,0.6363,Wellhead Component Leak,Fugitive
4/5/2023 19:28,4/5/2023 19:58,1800,Separator,1.2,0.5805,Separator Component Leak,Fugitive
4/5/2023 19:43,4/5/2023 19:58,900,Well Head,1.2,0.4783,Wellhead Component Leak,Fugitive
4/5/2023 19:43,4/5/2023 19:58,900,Separator,1.3,0.4196,Separator Component Leak,Fugitive
4/5/2023 19:43,4/5/2023 19:58,900,Tank,5.4,0.638,Tank Thief Hatch Leak,Fugitive
4/5/2023 19:58,4/5/2023 20:28,1800,Well Head,0,0.6363,Wellhead Component Leak,Fugitive
4/5/2023 19:58,4/5/2023 20:28,1800,Well Head,1.2,0.4783,Wellhead Component Leak,Fugitive
4/5/2023 19:58,4/5/2023 20:28,1800,Separator,1.2,0.5805,Separator Component Leak,Fugitive
4/5/2023 19:58,4/5/2023 20:28,1800,Separator,1.3,0.4196,Separator Component Leak,Fugitive
4/5/2023 19:58,4/5/2023 20:28,1800,Tank,5.4,0.638,Tank Thief Hatch Leak,Fugitive
4/5/2023 23:28,4/5/2023 23:31,180,Separator,0.8,0.7645,Separator Component Leak,Fugitive
4/5/2023 23:28,4/5/2023 23:31,180,Separator,3.6,0.739,Separator Component Leak,Fugitive
4/5/2023 23:32,4/5/2023 23:35,179,Well Head,1.5,0.6775,Wellhead Component Leak,Fugitive
4/5/2023 23:35,4/6/2023 0:05,1800,Well Head,1.5,0.6775,Wellhead Component Leak,Fugitive
4/5/2023 23:35,4/6/2023 0:05,1800,Separator,3.6,0.739,Separator Component Leak,Fugitive
4/5/2023 23:35,4/6/2023 0:20,2699,Separator,0.8,0.7724,Separator Component Leak,Fugitive
4/6/2023 0:05,4/6/2023 0:20,900,Well Head,1.5,0.6775,Wellhead Component Leak,Fugitive
4/6/2023 0:05,4/6/2023 0:20,900,Separator,3.6,0.739,Separator Component Leak,Fugitive
4/6/2023 3:20,4/6/2023 3:23,180,Separator,0.5,0.5255,Separator Component Leak,Fugitive
4/6/2023 3:20,4/6/2023 3:23,180,Separator,1.3,0.5062,Separator Component Leak,Fugitive
4/6/2023 3:24,4/6/2023 3:27,180,Well Head,1.1,0.6123,Wellhead Component Leak,Fugitive
4/6/2023 3:24,4/6/2023 3:27,180,Well Head,1.5,0.5899,Wellhead Component Leak,Fugitive
4/6/2023 3:27,4/6/2023 4:12,2701,Separator,0.5,0.5255,Separator Component Leak,Fugitive
4/6/2023 3:27,4/6/2023 4:12,2701,Well Head,1.1,0.6123,Wellhead Component Leak,Fugitive
4/6/2023 3:27,4/6/2023 3:42,899,Separator,1.3,0.5062,Separator Component Leak,Fugitive
4/6/2023 3:27,4/6/2023 3:42,899,Well Head,1.5,0.5899,Wellhead Component Leak,Fugitive
4/6/2023 3:42,4/6/2023 3:57,901,Separator,1.3,0.5062,Separator Component Leak,Fugitive
4/6/2023 3:42,4/6/2023 3:57,901,Well Head,1.5,0.5899,Wellhead Component Leak,Fugitive
4/6/2023 3:57,4/6/2023 4:57,3600,Separator,1.3,0.5062,Separator Component Leak,Fugitive
4/6/2023 3:57,4/6/2023 4:57,3600,Well Head,1.5,0.5899,Wellhead Component Leak,Fugitive
4/6/2023 4:12,4/6/2023 4:27,900,Separator,0.5,0.5255,Separator Component Leak,Fugitive
4/6/2023 4:12,4/6/2023 4:27,900,Well Head,1.1,0.6123,Wellhead Component Leak,Fugitive
4/6/2023 4:27,4/6/2023 4:42,900,Separator,0.5,0.5255,Separator Component Leak,Fugitive
4/6/2023 4:27,4/6/2023 4:42,900,Well Head,1.1,0.6123,Wellhead Component Leak,Fugitive
4/6/2023 4:42,4/6/2023 4:57,900,Separator,0.5,0.5255,Separator Component Leak,Fugitive
4/6/2023 4:42,4/6/2023 4:57,900,Well Head,1.1,0.6123,Wellhead Component Leak,Fugitive
4/6/2023 7:57,4/6/2023 8:00,180,Separator,0.5,0.9327,Separator Component Leak,Fugitive
4/6/2023 7:57,4/6/2023 8:00,180,Separator,1.5,0.6224,Separator Component Leak,Fugitive
4/6/2023 8:01,4/6/2023 8:04,179,Tank,5.5,1.0288,Tank Thief Hatch Leak,Fugitive
4/6/2023 8:04,4/6/2023 8:19,900,Separator,1.5,0.6224,Separator Component Leak,Fugitive
4/6/2023 8:04,4/6/2023 8:19,900,Tank,5.5,1.0288,Tank Thief Hatch Leak,Fugitive
4/6/2023 8:04,4/6/2023 9:04,3600,Separator,0.5,0.9262,Separator Component Leak,Fugitive
4/6/2023 8:19,4/6/2023 8:49,1801,Separator,1.5,0.6224,Separator Component Leak,Fugitive
4/6/2023 8:19,4/6/2023 8:49,1801,Tank,5.5,1.0288,Tank Thief Hatch Leak,Fugitive
4/6/2023 8:49,4/6/2023 9:04,899,Separator,1.5,0.6224,Separator Component Leak,Fugitive
4/6/2023 8:49,4/6/2023 9:04,899,Tank,5.5,1.0288,Tank Thief Hatch Leak,Fugitive
4/6/2023 12:04,4/6/2023 12:19,899,Separator,3.1,1.0094,Separator Component Leak,Fugitive
4/6/2023 12:04,4/6/2023 12:49,2700,Well Head,1.3,1.6202,Wellhead Component Leak,Fugitive
4/6/2023 12:19,4/6/2023 12:49,1801,Separator,3.1,1.0202,Separator Component Leak,Fugitive
4/6/2023 15:49,4/6/2023 15:52,180,Well Head,0.9,0.8244,Wellhead Component Leak,Fugitive
4/6/2023 15:49,4/6/2023 15:52,181,Tank,5.4,0.7855,Tank Thief Hatch Leak,Fugitive
4/6/2023 15:53,4/6/2023 15:56,180,Well Head,0.4,0.8107,Wellhead Component Leak,Fugitive
4/6/2023 15:56,4/6/2023 16:41,2700,Well Head,0.4,0.8107,Wellhead Component Leak,Fugitive
4/6/2023 15:56,4/6/2023 16:41,2700,Well Head,0.9,0.828,Wellhead Component Leak,Fugitive
4/6/2023 15:56,4/6/2023 16:41,2700,Tank,5.4,0.7855,Tank Thief Hatch Leak,Fugitive
4/6/2023 16:41,4/6/2023 16:56,900,Well Head,0.4,0.8107,Wellhead Component Leak,Fugitive
4/6/2023 16:41,4/6/2023 16:56,900,Tank,5.4,0.7855,Tank Thief Hatch Leak,Fugitive
4/6/2023 16:41,4/6/2023 17:26,2700,Well Head,0.9,0.8369,Wellhead Component Leak,Fugitive
4/6/2023 16:56,4/6/2023 17:11,900,Well Head,0.4,0.8107,Wellhead Component Leak,Fugitive
4/6/2023 16:56,4/6/2023 17:11,900,Tank,5.4,0.7855,Tank Thief Hatch Leak,Fugitive
4/6/2023 17:11,4/6/2023 17:26,900,Well Head,0.4,0.8107,Wellhead Component Leak,Fugitive
4/6/2023 17:11,4/6/2023 17:26,900,Tank,5.4,0.7855,Tank Thief Hatch Leak,Fugitive
4/6/2023 20:26,4/6/2023 21:11,2700,Well Head,0.8,1.0682,Wellhead Component Leak,Fugitive
4/6/2023 20:26,4/6/2023 21:11,2700,Separator,0.8,1.2896,Separator Component Leak,Fugitive
4/7/2023 0:11,4/7/2023 0:14,180,Separator,1.2,0.5826,Separator Component Leak,Fugitive
4/7/2023 0:11,4/7/2023 0:14,181,Separator,1.3,0.4271,Separator Component Leak,Fugitive
4/7/2023 0:15,4/7/2023 0:18,180,Well Head,0,0.6421,Wellhead Component Leak,Fugitive
4/7/2023 0:15,4/7/2023 0:18,181,Tank,5.4,0.6432,Tank Thief Hatch Leak,Fugitive
4/7/2023 0:19,4/7/2023 0:22,181,Well Head,1.2,0.4837,Wellhead Component Leak,Fugitive
4/7/2023 0:22,4/7/2023 0:37,900,Well Head,0,0.6421,Wellhead Component Leak,Fugitive
4/7/2023 0:22,4/7/2023 0:37,900,Separator,1.2,0.5826,Separator Component Leak,Fugitive
4/7/2023 0:22,4/7/2023 0:52,1799,Well Head,1.2,0.4837,Wellhead Component Leak,Fugitive
4/7/2023 0:22,4/7/2023 0:52,1799,Separator,1.3,0.4271,Separator Component Leak,Fugitive
4/7/2023 0:22,4/7/2023 0:52,1799,Tank,5.4,0.6432,Tank Thief Hatch Leak,Fugitive
4/7/2023 0:37,4/7/2023 1:07,1800,Well Head,0,0.6421,Wellhead Component Leak,Fugitive
4/7/2023 0:37,4/7/2023 1:07,1800,Separator,1.2,0.5826,Separator Component Leak,Fugitive
4/7/2023 0:52,4/7/2023 1:07,900,Well Head,1.2,0.4837,Wellhead Component Leak,Fugitive
4/7/2023 0:52,4/7/2023 1:07,900,Separator,1.3,0.4271,Separator Component Leak,Fugitive
4/7/2023 0:52,4/7/2023 1:07,900,Tank,5.4,0.6432,Tank Thief Hatch Leak,Fugitive
4/7/2023 4:07,4/7/2023 4:10,180,Separator,3.6,0.7315,Separator Component Leak,Fugitive
4/7/2023 4:07,4/7/2023 4:10,181,Separator,0.8,0.7564,Separator Component Leak,Fugitive
4/7/2023 4:11,4/7/2023 4:14,180,Well Head,1.5,0.6502,Wellhead Component Leak,Fugitive
4/7/2023 4:14,4/7/2023 4:44,1800,Well Head,1.5,0.6502,Wellhead Component Leak,Fugitive
4/7/2023 4:14,4/7/2023 4:44,1800,Separator,3.6,0.7315,Separator Component Leak,Fugitive
4/7/2023 4:14,4/7/2023 5:14,3600,Separator,0.8,0.7704,Separator Component Leak,Fugitive
4/7/2023 4:44,4/7/2023 5:14,1800,Well Head,1.5,0.6502,Wellhead Component Leak,Fugitive
4/7/2023 4:44,4/7/2023 5:14,1800,Separator,3.6,0.7315,Separator Component Leak,Fugitive
4/7/2023 10:36,4/7/2023 10:39,180,Well Head,0.9,0.8335,Wellhead Component Leak,Fugitive
4/7/2023 10:36,4/7/2023 10:39,180,Tank,5.4,0.801,Tank Thief Hatch Leak,Fugitive
4/7/2023 10:40,4/7/2023 10:43,181,Well Head,0.4,0.816,Wellhead Component Leak,Fugitive
4/7/2023 10:43,4/7/2023 10:58,900,Well Head,0.9,0.828,Wellhead Component Leak,Fugitive
4/7/2023 10:43,4/7/2023 12:28,6299,Well Head,0.4,0.816,Wellhead Component Leak,Fugitive
4/7/2023 10:43,4/7/2023 12:28,6299,Tank,5.4,0.801,Tank Thief Hatch Leak,Fugitive
4/7/2023 10:58,4/7/2023 12:43,6300,Well Head,0.9,0.8274,Wellhead Component Leak,Fugitive
4/7/2023 12:28,4/7/2023 12:43,900,Well Head,0.4,0.816,Wellhead Component Leak,Fugitive
4/7/2023 12:28,4/7/2023 12:43,900,Tank,5.4,0.801,Tank Thief Hatch Leak,Fugitive
4/7/2023 16:24,4/7/2023 16:54,1800,Well Head,1.3,1.6175,Wellhead Component Leak,Fugitive
4/7/2023 16:24,4/7/2023 16:54,1800,Separator,3.1,1.0196,Separator Component Leak,Fugitive
4/7/2023 21:54,4/7/2023 21:57,180,Separator,0.5,0.5282,Separator Component Leak,Fugitive
4/7/2023 21:54,4/7/2023 21:57,180,Separator,1.3,0.5014,Separator Component Leak,Fugitive
4/7/2023 21:58,4/7/2023 22:01,181,Well Head,1.5,0.5858,Wellhead Component Leak,Fugitive
4/7/2023 21:58,4/7/2023 22:01,180,Well Head,1.1,0.6176,Wellhead Component Leak,Fugitive
4/7/2023 22:01,4/7/2023 22:16,899,Separator,1.3,0.5014,Separator Component Leak,Fugitive
4/7/2023 22:01,4/7/2023 22:16,899,Well Head,1.5,0.5858,Wellhead Component Leak,Fugitive
4/7/2023 22:01,4/7/2023 22:16,900,Separator,0.5,0.5282,Separator Component Leak,Fugitive
4/7/2023 22:01,4/7/2023 22:16,900,Well Head,1.1,0.6176,Wellhead Component Leak,Fugitive
4/7/2023 22:16,4/7/2023 22:31,900,Separator,1.3,0.5014,Separator Component Leak,Fugitive
4/7/2023 22:16,4/7/2023 22:31,900,Well Head,1.5,0.5858,Wellhead Component Leak,Fugitive
4/7/2023 22:16,4/7/2023 22:31,899,Separator,0.5,0.5282,Separator Component Leak,Fugitive
4/7/2023 22:16,4/7/2023 22:31,899,Well Head,1.1,0.6176,Wellhead Component Leak,Fugitive
4/7/2023 22:31,4/7/2023 22:46,900,Separator,0.5,0.5282,Separator Component Leak,Fugitive
4/7/2023 22:31,4/7/2023 22:46,900,Well Head,1.1,0.6176,Wellhead Component Leak,Fugitive
4/7/2023 22:31,4/7/2023 22:46,900,Separator,1.3,0.5014,Separator Component Leak,Fugitive
4/7/2023 22:31,4/7/2023 22:46,900,Well Head,1.5,0.5858,Wellhead Component Leak,Fugitive
4/7/2023 22:46,4/7/2023 23:01,901,Separator,0.5,0.5282,Separator Component Leak,Fugitive
4/7/2023 22:46,4/7/2023 23:01,901,Well Head,1.1,0.6176,Wellhead Component Leak,Fugitive
4/7/2023 22:46,4/7/2023 23:01,901,Separator,1.3,0.5014,Separator Component Leak,Fugitive
4/7/2023 22:46,4/7/2023 23:01,901,Well Head,1.5,0.5858,Wellhead Component Leak,Fugitive
4/8/2023 4:01,4/8/2023 4:04,180,Separator,1.2,0.6349,Separator Component Leak,Fugitive
4/8/2023 4:01,4/8/2023 4:04,180,Separator,1.3,0.4579,Separator Component Leak,Fugitive
4/8/2023 4:05,4/8/2023 4:08,180,Well Head,0,0.691,Wellhead Component Leak,Fugitive
4/8/2023 4:05,4/8/2023 4:08,180,Tank,5.4,0.6798,Tank Thief Hatch Leak,Fugitive
4/8/2023 4:09,4/8/2023 4:12,180,Well Head,1.2,0.5174,Wellhead Component Leak,Fugitive
4/8/2023 4:12,4/8/2023 4:27,899,Well Head,0,0.691,Wellhead Component Leak,Fugitive
4/8/2023 4:12,4/8/2023 4:27,899,Separator,1.2,0.6349,Separator Component Leak,Fugitive
4/8/2023 4:12,4/8/2023 4:27,900,Well Head,1.2,0.5174,Wellhead Component Leak,Fugitive
4/8/2023 4:12,4/8/2023 4:27,900,Separator,1.3,0.4579,Separator Component Leak,Fugitive
4/8/2023 4:12,4/8/2023 4:27,900,Tank,5.4,0.6798,Tank Thief Hatch Leak,Fugitive
4/8/2023 4:27,4/8/2023 4:42,901,Well Head,0,0.691,Wellhead Component Leak,Fugitive
4/8/2023 4:27,4/8/2023 4:42,901,Separator,1.2,0.6349,Separator Component Leak,Fugitive
4/8/2023 4:27,4/8/2023 4:42,900,Well Head,1.2,0.5174,Wellhead Component Leak,Fugitive
4/8/2023 4:27,4/8/2023 4:42,900,Separator,1.3,0.4579,Separator Component Leak,Fugitive
4/8/2023 4:27,4/8/2023 4:42,900,Tank,5.4,0.6798,Tank Thief Hatch Leak,Fugitive
4/8/2023 4:42,4/8/2023 4:57,900,Well Head,0,0.691,Wellhead Component Leak,Fugitive
4/8/2023 4:42,4/8/2023 4:57,900,Well Head,1.2,0.5174,Wellhead Component Leak,Fugitive
4/8/2023 4:42,4/8/2023 4:57,900,Separator,1.2,0.6349,Separator Component Leak,Fugitive
4/8/2023 4:42,4/8/2023 4:57,900,Separator,1.3,0.4579,Separator Component Leak,Fugitive
4/8/2023 4:42,4/8/2023 4:57,900,Tank,5.4,0.6798,Tank Thief Hatch Leak,Fugitive
4/8/2023 9:57,4/8/2023 10:00,180,Separator,3.6,0.7243,Separator Component Leak,Fugitive
4/8/2023 9:57,4/8/2023 10:00,180,Separator,0.8,0.7642,Separator Component Leak,Fugitive
4/8/2023 10:01,4/8/2023 10:04,180,Well Head,1.5,0.4954,Wellhead Component Leak,Fugitive
4/8/2023 10:04,4/8/2023 10:19,900,Separator,0.8,0.7662,Separator Component Leak,Fugitive
4/8/2023 10:04,4/8/2023 10:34,1799,Well Head,1.5,0.4954,Wellhead Component Leak,Fugitive
4/8/2023 10:04,4/8/2023 10:34,1799,Separator,3.6,0.7243,Separator Component Leak,Fugitive
4/8/2023 10:19,4/8/2023 11:04,2701,Separator,0.8,0.7643,Separator Component Leak,Fugitive
4/8/2023 10:34,4/8/2023 11:04,1800,Well Head,1.5,0.4954,Wellhead Component Leak,Fugitive
4/8/2023 10:34,4/8/2023 11:04,1800,Separator,3.6,0.7243,Separator Component Leak,Fugitive
4/8/2023 16:04,4/8/2023 16:49,2700,Separator,0.8,1.2708,Separator Component Leak,Fugitive
4/8/2023 16:04,4/8/2023 16:19,899,Well Head,0.8,1.0393,Wellhead Component Leak,Fugitive
4/8/2023 16:19,4/8/2023 16:49,1800,Well Head,0.8,1.049,Wellhead Component Leak,Fugitive
4/8/2023 21:49,4/8/2023 21:52,180,Well Head,0.9,0.906,Wellhead Component Leak,Fugitive
4/8/2023 21:49,4/8/2023 21:52,180,Tank,5.4,0.8561,Tank Thief Hatch Leak,Fugitive
4/8/2023 21:53,4/8/2023 21:56,180,Well Head,0.4,0.8681,Wellhead Component Leak,Fugitive
4/8/2023 21:56,4/8/2023 22:26,1801,Well Head,0.4,0.8681,Wellhead Component Leak,Fugitive
4/8/2023 21:56,4/8/2023 22:26,1801,Tank,5.4,0.8561,Tank Thief Hatch Leak,Fugitive
4/8/2023 21:56,4/8/2023 22:26,1800,Well Head,0.9,0.9132,Wellhead Component Leak,Fugitive
4/9/2023 3:26,4/9/2023 3:41,900,Separator,3.1,1.1113,Separator Component Leak,Fugitive
4/9/2023 3:26,4/9/2023 4:11,2701,Well Head,1.3,1.7414,Wellhead Component Leak,Fugitive
4/9/2023 3:41,4/9/2023 4:11,1800,Separator,3.1,1.1168,Separator Component Leak,Fugitive
4/9/2023 9:11,4/9/2023 9:14,180,Separator,1.2,0.6121,Separator Component Leak,Fugitive
4/9/2023 9:11,4/9/2023 9:14,180,Separator,1.3,0.4376,Separator Component Leak,Fugitive
4/9/2023 9:15,4/9/2023 9:18,180,Tank,5.4,0.6555,Tank Thief Hatch Leak,Fugitive
4/9/2023 9:15,4/9/2023 9:18,181,Well Head,0,0.6655,Wellhead Component Leak,Fugitive
4/9/2023 9:19,4/9/2023 9:22,180,Well Head,1.2,0.4925,Wellhead Component Leak,Fugitive
4/9/2023 9:22,4/9/2023 9:52,1800,Well Head,1.2,0.4925,Wellhead Component Leak,Fugitive
4/9/2023 9:22,4/9/2023 9:52,1800,Separator,1.3,0.4376,Separator Component Leak,Fugitive
4/9/2023 9:22,4/9/2023 9:52,1800,Tank,5.4,0.6555,Tank Thief Hatch Leak,Fugitive
4/9/2023 9:22,4/9/2023 9:37,899,Well Head,0,0.6655,Wellhead Component Leak,Fugitive
4/9/2023 9:22,4/9/2023 9:37,899,Separator,1.2,0.6121,Separator Component Leak,Fugitive
4/9/2023 9:37,4/9/2023 9:52,900,Well Head,0,0.6655,Wellhead Component Leak,Fugitive
4/9/2023 9:37,4/9/2023 9:52,900,Separator,1.2,0.6121,Separator Component Leak,Fugitive
4/9/2023 14:52,4/9/2023 14:55,180,Separator,0.5,0.8554,Separator Component Leak,Fugitive
4/9/2023 14:52,4/9/2023 14:55,180,Separator,1.5,0.567,Separator Component Leak,Fugitive
4/9/2023 14:56,4/9/2023 14:59,179,Tank,5.5,0.9458,Tank Thief Hatch Leak,Fugitive
4/9/2023 14:59,4/9/2023 15:14,900,Separator,1.5,0.567,Separator Component Leak,Fugitive
4/9/2023 14:59,4/9/2023 15:14,900,Tank,5.5,0.9458,Tank Thief Hatch Leak,Fugitive
4/9/2023 14:59,4/9/2023 15:44,2699,Separator,0.5,0.8558,Separator Component Leak,Fugitive
4/9/2023 15:14,4/9/2023 15:44,1800,Separator,1.5,0.567,Separator Component Leak,Fugitive
4/9/2023 15:14,4/9/2023 15:44,1800,Tank,5.5,0.9458,Tank Thief Hatch Leak,Fugitive
4/9/2023 20:44,4/9/2023 21:14,1800,Well Head,0.8,1.0808,Wellhead Component Leak,Fugitive
4/9/2023 20:44,4/9/2023 21:14,1800,Separator,0.8,1.3126,Separator Component Leak,Fugitive
4/10/2023 2:14,4/10/2023 2:17,179,Separator,1.3,0.5052,Separator Component Leak,Fugitive
4/10/2023 2:14,4/10/2023 2:17,180,Separator,0.5,0.5437,Separator Component Leak,Fugitive
4/10/2023 2:18,4/10/2023 2:21,180,Well Head,1.1,0.6336,Wellhead Component Leak,Fugitive
4/10/2023 2:18,4/10/2023 2:21,180,Well Head,1.5,0.5892,Wellhead Component Leak,Fugitive
4/10/2023 2:21,4/10/2023 2:36,900,Separator,0.5,0.5437,Separator Component Leak,Fugitive
4/10/2023 2:21,4/10/2023 2:36,900,Well Head,1.1,0.6336,Wellhead Component Leak,Fugitive
4/10/2023 2:21,4/10/2023 2:51,1800,Separator,1.3,0.5052,Separator Component Leak,Fugitive
4/10/2023 2:21,4/10/2023 2:51,1800,Well Head,1.5,0.5892,Wellhead Component Leak,Fugitive
4/10/2023 2:36,4/10/2023 3:21,2700,Separator,0.5,0.5437,Separator Component Leak,Fugitive
4/10/2023 2:36,4/10/2023 3:21,2700,Well Head,1.1,0.6336,Wellhead Component Leak,Fugitive
4/10/2023 2:51,4/10/2023 3:21,1799,Separator,1.3,0.5052,Separator Component Leak,Fugitive
4/10/2023 2:51,4/10/2023 3:21,1799,Well Head,1.5,0.5892,Wellhead Component Leak,Fugitive
4/10/2023 17:28,4/10/2023 17:40,664,Well Head,0,0.0031,Wellhead Component Leak,Fugitive
4/10/2023 17:40,4/10/2023 17:46,416,Well Head,0.7,1.6795,Wellhead Component Leak,Fugitive
4/10/2023 20:47,4/10/2023 20:50,180,Separator,1.3,1.2072,Separator Component Leak,Fugitive
4/10/2023 20:47,4/10/2023 20:50,180,Tank,5.5,1.5103,Tank Thief Hatch Leak,Fugitive
4/10/2023 20:51,4/10/2023 20:54,180,Well Head,0.15,1.6629,Wellhead Component Leak,Fugitive
4/10/2023 20:54,4/10/2023 21:09,900,Well Head,0.15,1.6629,Wellhead Component Leak,Fugitive
4/10/2023 20:54,4/10/2023 21:09,900,Tank,5.5,1.5103,Tank Thief Hatch Leak,Fugitive
4/10/2023 20:54,4/10/2023 21:09,899,Separator,1.3,1.2132,Separator Component Leak,Fugitive
4/10/2023 21:09,4/10/2023 21:24,900,Well Head,0.15,1.6629,Wellhead Component Leak,Fugitive
4/10/2023 21:09,4/10/2023 21:24,900,Separator,1.3,1.2187,Separator Component Leak,Fugitive
4/10/2023 21:09,4/10/2023 21:24,900,Tank,5.5,1.5103,Tank Thief Hatch Leak,Fugitive
4/11/2023 1:24,4/11/2023 1:27,180,Well Head,1.3,1.7106,Wellhead Component Leak,Fugitive
4/11/2023 1:24,4/11/2023 1:27,180,Tank,5.4,1.732,Tank Thief Hatch Leak,Fugitive
4/11/2023 1:28,4/11/2023 1:31,181,Separator,1.6,2.4663,Separator Component Leak,Fugitive
4/11/2023 1:31,4/11/2023 1:46,899,Separator,1.6,2.4663,Separator Component Leak,Fugitive
4/11/2023 1:31,4/11/2023 1:46,899,Tank,5.4,1.732,Tank Thief Hatch Leak,Fugitive
4/11/2023 1:31,4/11/2023 2:01,1799,Well Head,1.3,1.7125,Wellhead Component Leak,Fugitive
4/11/2023 1:46,4/11/2023 2:01,900,Separator,1.6,2.4663,Separator Component Leak,Fugitive
4/11/2023 1:46,4/11/2023 2:01,900,Tank,5.4,1.732,Tank Thief Hatch Leak,Fugitive
4/11/2023 2:00,4/11/2023 2:01,62,Well Head,1.3,1.7139,Wellhead Component Leak,Fugitive
4/11/2023 2:00,4/11/2023 2:01,62,Separator,1.6,2.2952,Separator Component Leak,Fugitive
4/11/2023 2:00,4/11/2023 2:01,62,Tank,5.4,1.6594,Tank Thief Hatch Leak,Fugitive
4/11/2023 5:01,4/11/2023 5:04,180,Separator,2.2,0.8674,Separator Component Leak,Fugitive
4/11/2023 5:01,4/11/2023 5:04,181,Tank,4.8,1.533,Tank Thief Hatch Leak,Fugitive
4/11/2023 5:05,4/11/2023 5:08,180,Separator,0.5,2.4866,Separator Component Leak,Fugitive
4/11/2023 5:08,4/11/2023 5:38,1800,Separator,0.5,2.4866,Separator Component Leak,Fugitive
4/11/2023 5:08,4/11/2023 5:38,1800,Tank,4.8,1.533,Tank Thief Hatch Leak,Fugitive
4/11/2023 5:08,4/11/2023 5:38,1799,Separator,2.2,0.8616,Separator Component Leak,Fugitive
4/11/2023 9:38,4/11/2023 9:41,180,Well Head,0.7,1.6837,Wellhead Component Leak,Fugitive
4/11/2023 9:38,4/11/2023 9:41,180,Tank,4.7,2.6609,Tank Battery Vent Leak,Fugitive
4/11/2023 9:42,4/11/2023 9:45,181,Well Head,1,2.5077,Wellhead Component Leak,Fugitive
4/11/2023 9:45,4/11/2023 10:00,900,Well Head,0.7,1.6786,Wellhead Component Leak,Fugitive
4/11/2023 9:45,4/11/2023 10:00,899,Well Head,1,2.5077,Wellhead Component Leak,Fugitive
4/11/2023 9:45,4/11/2023 10:00,899,Tank,4.7,2.6609,Tank Battery Vent Leak,Fugitive
4/11/2023 13:00,4/11/2023 13:03,180,Separator,1.3,1.1946,Separator Component Leak,Fugitive
4/11/2023 13:00,4/11/2023 13:03,180,Tank,5.5,1.4967,Tank Thief Hatch Leak,Fugitive
4/11/2023 13:04,4/11/2023 13:07,179,Well Head,0.15,1.6312,Wellhead Component Leak,Fugitive
4/11/2023 13:07,4/11/2023 13:37,1801,Well Head,0.15,1.6312,Wellhead Component Leak,Fugitive
4/11/2023 13:07,4/11/2023 13:37,1801,Tank,5.5,1.4967,Tank Thief Hatch Leak,Fugitive
4/11/2023 13:07,4/11/2023 13:37,1799,Separator,1.3,1.1842,Separator Component Leak,Fugitive
4/11/2023 17:37,4/11/2023 17:40,180,Well Head,1.3,1.6478,Wellhead Component Leak,Fugitive
4/11/2023 17:37,4/11/2023 17:40,180,Tank,5.4,1.6594,Tank Thief Hatch Leak,Fugitive
4/11/2023 17:41,4/11/2023 17:44,180,Separator,1.6,2.2952,Separator Component Leak,Fugitive
4/11/2023 17:44,4/11/2023 18:14,1800,Well Head,1.3,1.6576,Wellhead Component Leak,Fugitive
4/11/2023 17:44,4/11/2023 18:14,1800,Separator,1.6,2.2952,Separator Component Leak,Fugitive
4/11/2023 17:44,4/11/2023 18:14,1800,Tank,5.4,1.6594,Tank Thief Hatch Leak,Fugitive
4/11/2023 21:14,4/11/2023 21:17,181,Separator,2.2,0.8636,Separator Component Leak,Fugitive
4/11/2023 21:14,4/11/2023 21:17,179,Tank,4.8,1.5211,Tank Thief Hatch Leak,Fugitive
4/11/2023 21:18,4/11/2023 21:21,181,Separator,0.5,2.3953,Separator Component Leak,Fugitive
4/11/2023 21:21,4/11/2023 21:36,899,Separator,2.2,0.8699,Separator Component Leak,Fugitive
4/11/2023 21:21,4/11/2023 21:51,1800,Separator,0.5,2.3953,Separator Component Leak,Fugitive
4/11/2023 21:21,4/11/2023 21:51,1800,Tank,4.8,1.5211,Tank Thief Hatch Leak,Fugitive
4/11/2023 21:36,4/11/2023 21:51,901,Separator,2.2,0.8748,Separator Component Leak,Fugitive
4/12/2023 10:44,4/12/2023 10:47,180,Well Head,0.7,1.6734,Wellhead Component Leak,Fugitive
4/12/2023 10:44,4/12/2023 10:47,180,Tank,4.7,2.6008,Tank Battery Vent Leak,Fugitive
4/12/2023 10:48,4/12/2023 10:51,180,Well Head,1,2.4471,Wellhead Component Leak,Fugitive
4/12/2023 10:51,4/12/2023 11:06,900,Well Head,0.7,1.6554,Wellhead Component Leak,Fugitive
4/12/2023 10:51,4/12/2023 11:36,2700,Well Head,1,2.4471,Wellhead Component Leak,Fugitive
4/12/2023 10:51,4/12/2023 11:36,2700,Tank,4.7,2.6008,Tank Battery Vent Leak,Fugitive
4/12/2023 11:06,4/12/2023 11:51,2700,Well Head,0.7,1.6469,Wellhead Component Leak,Fugitive
4/12/2023 11:36,4/12/2023 11:51,900,Well Head,1,2.4471,Wellhead Component Leak,Fugitive
4/12/2023 11:36,4/12/2023 11:51,900,Tank,4.7,2.6008,Tank Battery Vent Leak,Fugitive
4/12/2023 13:51,4/12/2023 13:54,181,Separator,1.3,1.1763,Separator Component Leak,Fugitive
4/12/2023 13:51,4/12/2023 13:54,180,Tank,5.5,1.4665,Tank Thief Hatch Leak,Fugitive
4/12/2023 13:55,4/12/2023 13:58,180,Well Head,0.15,1.616,Wellhead Component Leak,Fugitive
4/12/2023 13:58,4/12/2023 14:28,1800,Well Head,0.15,1.616,Wellhead Component Leak,Fugitive
4/12/2023 13:58,4/12/2023 14:28,1800,Tank,5.5,1.4665,Tank Thief Hatch Leak,Fugitive
4/12/2023 13:58,4/12/2023 14:13,899,Separator,1.3,1.1812,Separator Component Leak,Fugitive
4/12/2023 14:13,4/12/2023 14:28,900,Separator,1.3,1.1804,Separator Component Leak,Fugitive
4/12/2023 14:28,4/12/2023 14:43,900,Well Head,0.15,1.616,Wellhead Component Leak,Fugitive
4/12/2023 14:28,4/12/2023 14:43,900,Tank,5.5,1.4665,Tank Thief Hatch Leak,Fugitive
4/12/2023 14:28,4/12/2023 15:28,3600,Separator,1.3,1.1827,Separator Component Leak,Fugitive
4/12/2023 14:43,4/12/2023 14:58,900,Well Head,0.15,1.616,Wellhead Component Leak,Fugitive
4/12/2023 14:43,4/12/2023 14:58,900,Tank,5.5,1.4665,Tank Thief Hatch Leak,Fugitive
4/12/2023 14:58,4/12/2023 15:28,1800,Well Head,0.15,1.616,Wellhead Component Leak,Fugitive
4/12/2023 14:58,4/12/2023 15:28,1800,Tank,5.5,1.4665,Tank Thief Hatch Leak,Fugitive
4/12/2023 17:22,4/12/2023 17:23,86,Well Head,0.7,2.5105,Wellhead Component Leak,Fugitive
4/12/2023 17:22,4/12/2023 17:23,87,Well Head,1,3.0795,Wellhead Component Leak,Fugitive
4/12/2023 17:24,4/12/2023 17:25,96,Separator,2.2,2.9918,Separator Component Leak,Fugitive
4/12/2023 17:24,4/12/2023 17:25,96,Separator,1.6,2.616,Separator Component Leak,Fugitive
4/12/2023 17:27,4/12/2023 17:28,80,Tank,4.8,2.8698,Tank Battery Vent Leak,Fugitive
4/12/2023 17:35,4/12/2023 17:36,79,Well Head,0.15,1.5495,Wellhead Component Leak,Fugitive
4/12/2023 17:35,4/12/2023 17:36,80,Well Head,1.3,1.6983,Wellhead Component Leak,Fugitive
4/12/2023 17:42,4/12/2023 17:44,105,Tank,5.4,1.4124,Tank Thief Hatch Leak,Fugitive
4/12/2023 17:42,4/12/2023 17:44,104,Separator,1.3,1.2752,Separator Component Leak,Fugitive
4/12/2023 18:46,4/12/2023 19:31,2701,Well Head,1,2.8198,Wellhead Component Leak,Fugitive
4/12/2023 18:46,4/12/2023 19:31,2700,Well Head,0.7,2.4453,Wellhead Component Leak,Fugitive
4/12/2023 22:31,4/12/2023 23:31,3600,Separator,1.3,1.2171,Separator Component Leak,Fugitive
4/12/2023 22:31,4/12/2023 23:31,3600,Tank,5.4,1.4578,Tank Thief Hatch Leak,Fugitive
4/13/2023 2:31,4/13/2023 3:16,2700,Separator,1.6,2.8377,Separator Component Leak,Fugitive
4/13/2023 2:31,4/13/2023 3:16,2701,Separator,2.2,3.0419,Separator Component Leak,Fugitive
4/13/2023 6:16,4/13/2023 6:19,179,Separator,1.3,1.2419,Separator Component Leak,Fugitive
4/13/2023 6:16,4/13/2023 6:19,179,Tank,5.5,1.5183,Tank Thief Hatch Leak,Fugitive
4/13/2023 6:20,4/13/2023 6:23,180,Well Head,0.15,1.6702,Wellhead Component Leak,Fugitive
4/13/2023 6:23,4/13/2023 7:08,2699,Separator,1.3,1.2374,Separator Component Leak,Fugitive
4/13/2023 6:23,4/13/2023 7:08,2700,Well Head,0.15,1.6702,Wellhead Component Leak,Fugitive
4/13/2023 6:23,4/13/2023 7:08,2700,Tank,5.5,1.5183,Tank Thief Hatch Leak,Fugitive
4/13/2023 10:08,4/13/2023 10:23,900,Well Head,0.15,1.6716,Wellhead Component Leak,Fugitive
4/13/2023 10:08,4/13/2023 11:38,5400,Well Head,1.3,1.6779,Wellhead Component Leak,Fugitive
4/13/2023 10:23,4/13/2023 11:38,4499,Well Head,0.15,1.6667,Wellhead Component Leak,Fugitive
4/13/2023 14:38,4/13/2023 14:41,180,Tank,4.8,2.9669,Tank Battery Vent Leak,Fugitive
4/13/2023 14:42,4/13/2023 14:45,180,Separator,0.5,1.4888,Separator Component Leak,Fugitive
4/13/2023 14:45,4/13/2023 15:30,2700,Separator,0.5,1.4888,Separator Component Leak,Fugitive
4/13/2023 14:45,4/13/2023 15:30,2700,Tank,4.8,2.9669,Tank Battery Vent Leak,Fugitive
4/13/2023 18:31,4/13/2023 19:16,2700,Separator,1.3,1.1977,Separator Component Leak,Fugitive
4/13/2023 18:31,4/13/2023 18:46,899,Tank,4.7,2.5914,Tank Battery Vent Leak,Fugitive
4/13/2023 18:46,4/13/2023 19:01,900,Tank,4.7,2.6037,Tank Battery Vent Leak,Fugitive
4/13/2023 19:01,4/13/2023 20:01,3600,Tank,4.7,2.6226,Tank Battery Vent Leak,Fugitive
4/13/2023 19:16,4/13/2023 20:01,2701,Separator,1.3,1.2033,Separator Component Leak,Fugitive
4/13/2023 22:01,4/13/2023 23:01,3600,Well Head,1,3.0628,Wellhead Component Leak,Fugitive
4/13/2023 22:01,4/13/2023 23:01,3600,Well Head,1.3,3.1698,Wellhead Component Leak,Fugitive
4/14/2023 2:01,4/14/2023 3:31,5400,Separator,2.2,0.8636,Separator Component Leak,Fugitive
4/14/2023 2:01,4/14/2023 3:31,5400,Tank,5.5,2.7038,Tank Battery Vent Leak,Fugitive
4/14/2023 5:31,4/14/2023 5:46,899,Tank,5.4,1.4637,Tank Thief Hatch Leak,Fugitive
4/14/2023 5:31,4/14/2023 7:31,7200,Separator,1.3,1.2458,Separator Component Leak,Fugitive
4/14/2023 5:46,4/14/2023 7:31,6301,Tank,5.4,1.4686,Tank Thief Hatch Leak,Fugitive
4/14/2023 9:31,4/14/2023 9:46,899,Well Head,0.7,3.5843,Wellhead Component Leak,Fugitive
4/14/2023 9:31,4/14/2023 10:01,1799,Separator,1.6,4.0121,Separator Component Leak,Fugitive
4/14/2023 9:46,4/14/2023 11:31,6300,Well Head,0.7,3.5898,Wellhead Component Leak,Fugitive
4/14/2023 10:01,4/14/2023 11:16,4500,Separator,1.6,4.0411,Separator Component Leak,Fugitive
4/14/2023 11:16,4/14/2023 11:31,901,Separator,1.6,4.0545,Separator Component Leak,Fugitive
4/14/2023 16:15,4/14/2023 16:45,1800,Separator,1.3,1.2535,Separator Component Leak,Fugitive
4/14/2023 16:15,4/14/2023 17:00,2700,Separator,1.6,2.6352,Separator Component Leak,Fugitive
4/14/2023 16:45,4/14/2023 17:00,901,Separator,1.3,1.2545,Separator Component Leak,Fugitive
4/14/2023 23:00,4/14/2023 23:03,180,Separator,2.2,0.8654,Separator Component Leak,Fugitive
4/14/2023 23:00,4/14/2023 23:03,179,Tank,4.8,1.3862,Tank Thief Hatch Leak,Fugitive
4/14/2023 23:04,4/14/2023 23:07,179,Separator,0.5,2.2419,Separator Component Leak,Fugitive
4/14/2023 23:07,4/14/2023 23:22,900,Separator,0.5,2.2419,Separator Component Leak,Fugitive
4/14/2023 23:07,4/14/2023 23:22,900,Tank,4.8,1.3862,Tank Thief Hatch Leak,Fugitive
4/14/2023 23:07,4/15/2023 0:07,3599,Separator,2.2,0.8592,Separator Component Leak,Fugitive
4/14/2023 23:22,4/15/2023 0:07,2700,Separator,0.5,2.2419,Separator Component Leak,Fugitive
4/14/2023 23:22,4/15/2023 0:07,2700,Tank,4.8,1.3862,Tank Thief Hatch Leak,Fugitive
4/15/2023 6:07,4/15/2023 6:10,180,Well Head,0.6,0.0053,Wellhead Pneumatic Emissions,Vented
4/15/2023 6:07,4/15/2023 6:10,180,Tank,5.4,1.3387,Tank Thief Hatch Leak,Fugitive
4/15/2023 6:11,4/15/2023 6:14,180,Well Head,1.1,1.0351,Wellhead Component Leak,Fugitive
4/15/2023 6:14,4/15/2023 6:59,2700,Well Head,0.6,0.6439,Wellhead Component Leak,Fugitive
4/15/2023 6:14,4/15/2023 6:59,2700,Well Head,1.1,1.0351,Wellhead Component Leak,Fugitive
4/15/2023 6:14,4/15/2023 6:59,2700,Tank,5.4,1.3387,Tank Thief Hatch Leak,Fugitive
4/15/2023 6:59,4/15/2023 7:14,900,Well Head,1.1,1.0351,Wellhead Component Leak,Fugitive
4/15/2023 6:59,4/15/2023 7:14,900,Tank,5.4,1.3387,Tank Thief Hatch Leak,Fugitive
4/15/2023 6:59,4/15/2023 7:14,901,Well Head,0.6,0.6395,Wellhead Component Leak,Fugitive
4/15/2023 13:14,4/15/2023 14:14,3600,Separator,1.3,1.2367,Separator Component Leak,Fugitive
4/15/2023 13:14,4/15/2023 14:14,3600,Tank,5.4,1.3324,Tank Thief Hatch Leak,Fugitive
4/15/2023 20:14,4/15/2023 20:17,180,Separator,2.2,0.8708,Separator Component Leak,Fugitive
4/15/2023 20:14,4/15/2023 20:17,180,Tank,4.8,1.3875,Tank Thief Hatch Leak,Fugitive
4/15/2023 20:18,4/15/2023 20:21,180,Separator,0.5,2.2237,Separator Component Leak,Fugitive
4/15/2023 20:21,4/15/2023 20:36,899,Separator,0.5,2.2237,Separator Component Leak,Fugitive
4/15/2023 20:21,4/15/2023 20:36,899,Tank,4.8,1.3875,Tank Thief Hatch Leak,Fugitive
4/15/2023 20:21,4/15/2023 21:06,2699,Separator,2.2,0.8688,Separator Component Leak,Fugitive
4/15/2023 20:36,4/15/2023 21:21,2701,Separator,0.5,2.2237,Separator Component Leak,Fugitive
4/15/2023 20:36,4/15/2023 21:21,2701,Tank,4.8,1.3875,Tank Thief Hatch Leak,Fugitive
4/15/2023 21:06,4/15/2023 21:21,901,Separator,2.2,0.8676,Separator Component Leak,Fugitive
4/16/2023 3:21,4/16/2023 3:24,180,Tank,5.4,12.9118,Tank Battery Vent Leak,Fugitive
4/16/2023 3:21,4/16/2023 3:24,181,Well Head,0.6,0.6294,Wellhead Component Leak,Fugitive
4/16/2023 3:25,4/16/2023 3:28,180,Well Head,1.1,12.9082,Wellhead Component Leak,Fugitive
4/16/2023 3:28,4/16/2023 3:43,900,Well Head,1.1,12.9082,Wellhead Component Leak,Fugitive
4/16/2023 3:28,4/16/2023 3:43,900,Tank,5.4,12.9118,Tank Battery Vent Leak,Fugitive
4/16/2023 3:28,4/16/2023 4:28,3601,Well Head,0.6,0.6362,Wellhead Component Leak,Fugitive
4/16/2023 3:43,4/16/2023 4:13,1800,Well Head,1.1,12.9082,Wellhead Component Leak,Fugitive
4/16/2023 3:43,4/16/2023 4:13,1800,Tank,5.4,12.9118,Tank Battery Vent Leak,Fugitive
4/16/2023 4:13,4/16/2023 4:28,900,Well Head,1.1,12.9082,Wellhead Component Leak,Fugitive
4/16/2023 4:13,4/16/2023 4:28,900,Tank,5.4,12.9118,Tank Battery Vent Leak,Fugitive
4/16/2023 10:28,4/16/2023 10:43,900,Separator,1.3,1.2436,Separator Component Leak,Fugitive
4/16/2023 10:28,4/16/2023 11:13,2700,Separator,1.6,2.5837,Separator Component Leak,Fugitive
4/16/2023 10:43,4/16/2023 10:58,900,Separator,1.3,1.2347,Separator Component Leak,Fugitive
4/16/2023 10:58,4/16/2023 11:13,900,Separator,1.3,1.2315,Separator Component Leak,Fugitive
4/16/2023 17:13,4/16/2023 17:16,179,Well Head,0.6,0.7001,Wellhead Component Leak,Fugitive
4/16/2023 17:13,4/16/2023 17:16,180,Tank,5.4,1.3063,Tank Thief Hatch Leak,Fugitive
4/16/2023 17:17,4/16/2023 17:20,181,Well Head,1.1,1.2035,Wellhead Component Leak,Fugitive
4/16/2023 17:20,4/16/2023 18:05,2699,Well Head,1.1,1.2035,Wellhead Component Leak,Fugitive
4/16/2023 17:20,4/16/2023 18:05,2699,Tank,5.4,1.3063,Tank Thief Hatch Leak,Fugitive
4/16/2023 17:20,4/16/2023 18:20,3600,Well Head,0.6,0.6941,Wellhead Component Leak,Fugitive
4/16/2023 18:05,4/16/2023 18:20,900,Well Head,1.1,1.2035,Wellhead Component Leak,Fugitive
4/16/2023 18:05,4/16/2023 18:20,900,Tank,5.4,1.3063,Tank Thief Hatch Leak,Fugitive
4/17/2023 0:20,4/17/2023 0:23,180,Separator,2.2,0.8654,Separator Component Leak,Fugitive
4/17/2023 0:20,4/17/2023 0:23,180,Tank,4.8,1.3733,Tank Thief Hatch Leak,Fugitive
4/17/2023 0:24,4/17/2023 0:27,180,Separator,0.5,2.2293,Separator Component Leak,Fugitive
4/17/2023 0:27,4/17/2023 0:57,1800,Separator,0.5,2.2293,Separator Component Leak,Fugitive
4/17/2023 0:27,4/17/2023 0:57,1800,Tank,4.8,1.3733,Tank Thief Hatch Leak,Fugitive
4/17/2023 0:27,4/17/2023 1:12,2700,Separator,2.2,0.8625,Separator Component Leak,Fugitive
4/17/2023 0:57,4/17/2023 1:12,900,Separator,0.5,2.2293,Separator Component Leak,Fugitive
4/17/2023 0:57,4/17/2023 1:12,900,Tank,4.8,1.3733,Tank Thief Hatch Leak,Fugitive
4/17/2023 11:53,4/17/2023 13:23,5400,Separator,1.3,1.2012,Separator Component Leak,Fugitive
4/17/2023 11:53,4/17/2023 14:08,8100,Tank,5.4,1.3192,Tank Thief Hatch Leak,Fugitive
4/17/2023 13:23,4/17/2023 15:23,7200,Separator,1.3,1.1972,Separator Component Leak,Fugitive
4/17/2023 14:08,4/17/2023 15:23,4501,Tank,5.4,1.3226,Tank Thief Hatch Leak,Fugitive
4/17/2023 17:23,4/17/2023 17:26,179,Separator,2.2,0.8771,Separator Component Leak,Fugitive
4/17/2023 17:23,4/17/2023 17:26,179,Tank,5.4,1.3199,Tank Thief Hatch Leak,Fugitive
4/17/2023 17:27,4/17/2023 17:30,179,Well Head,0.7,1.9953,Wellhead Component Leak,Fugitive
4/17/2023 17:27,4/17/2023 17:30,179,Separator,1.6,2.3281,Separator Component Leak,Fugitive
4/17/2023 17:30,4/17/2023 17:45,900,Separator,1.6,2.3281,Separator Component Leak,Fugitive
4/17/2023 17:30,4/17/2023 17:45,900,Tank,5.4,1.3199,Tank Thief Hatch Leak,Fugitive
4/17/2023 17:30,4/17/2023 18:15,2700,Well Head,0.7,1.9953,Wellhead Component Leak,Fugitive
4/17/2023 17:30,4/17/2023 18:15,2700,Separator,2.2,0.8771,Separator Component Leak,Fugitive
4/17/2023 17:45,4/17/2023 18:00,900,Separator,1.6,2.3281,Separator Component Leak,Fugitive
4/17/2023 17:45,4/17/2023 18:00,900,Tank,5.4,1.3199,Tank Thief Hatch Leak,Fugitive
4/17/2023 18:00,4/17/2023 18:15,900,Separator,1.6,2.3281,Separator Component Leak,Fugitive
4/17/2023 18:00,4/17/2023 18:15,900,Tank,5.4,1.3199,Tank Thief Hatch Leak,Fugitive
4/17/2023 18:15,4/17/2023 18:45,1800,Separator,1.6,2.3281,Separator Component Leak,Fugitive
4/17/2023 18:15,4/17/2023 18:45,1800,Tank,5.4,1.3199,Tank Thief Hatch Leak,Fugitive
4/17/2023 18:15,4/17/2023 19:00,2700,Well Head,0.7,1.9953,Wellhead Component Leak,Fugitive
4/17/2023 18:15,4/17/2023 19:00,2700,Separator,2.2,0.8771,Separator Component Leak,Fugitive
4/17/2023 18:45,4/17/2023 19:00,900,Separator,1.6,2.3281,Separator Component Leak,Fugitive
4/17/2023 18:45,4/17/2023 19:00,900,Tank,5.4,1.3199,Tank Thief Hatch Leak,Fugitive
4/17/2023 19:00,4/17/2023 19:45,2700,Well Head,0.7,1.9953,Wellhead Component Leak,Fugitive
4/17/2023 19:00,4/17/2023 19:45,2700,Separator,2.2,0.8771,Separator Component Leak,Fugitive
4/17/2023 19:00,4/17/2023 20:15,4500,Separator,1.6,2.3281,Separator Component Leak,Fugitive
4/17/2023 19:00,4/17/2023 20:15,4500,Tank,5.4,1.3199,Tank Thief Hatch Leak,Fugitive
4/17/2023 19:45,4/17/2023 20:30,2700,Well Head,0.7,1.9953,Wellhead Component Leak,Fugitive
4/17/2023 19:45,4/17/2023 20:30,2700,Separator,2.2,0.8771,Separator Component Leak,Fugitive
4/17/2023 20:15,4/17/2023 20:30,901,Separator,1.6,2.3281,Separator Component Leak,Fugitive
4/17/2023 20:15,4/17/2023 20:30,901,Tank,5.4,1.3199,Tank Thief Hatch Leak,Fugitive
4/17/2023 23:30,4/17/2023 23:33,180,Separator,1.3,1.2412,Separator Component Leak,Fugitive
4/17/2023 23:30,4/17/2023 23:33,180,Tank,5.5,2.4877,Tank Battery Vent Leak,Fugitive
4/17/2023 23:34,4/17/2023 23:37,179,Separator,0.5,2.0306,Separator Component Leak,Fugitive
4/17/2023 23:38,4/17/2023 23:41,180,Well Head,1,3.5606,Wellhead Component Leak,Fugitive
4/17/2023 23:41,4/18/2023 0:26,2700,Separator,0.5,2.0306,Separator Component Leak,Fugitive
4/17/2023 23:41,4/18/2023 0:26,2700,Well Head,1,3.5606,Wellhead Component Leak,Fugitive
4/17/2023 23:41,4/18/2023 0:26,2700,Tank,5.5,2.4877,Tank Battery Vent Leak,Fugitive
4/17/2023 23:41,4/17/2023 23:56,899,Separator,1.3,1.2333,Separator Component Leak,Fugitive
4/17/2023 23:56,4/18/2023 0:41,2700,Separator,1.3,1.2398,Separator Component Leak,Fugitive
4/18/2023 0:26,4/18/2023 0:41,901,Separator,0.5,2.0306,Separator Component Leak,Fugitive
4/18/2023 0:26,4/18/2023 0:41,901,Well Head,1,3.5606,Wellhead Component Leak,Fugitive
4/18/2023 0:26,4/18/2023 0:41,901,Tank,5.5,2.4877,Tank Battery Vent Leak,Fugitive
4/18/2023 0:41,4/18/2023 1:11,1800,Separator,1.3,1.2442,Separator Component Leak,Fugitive
4/18/2023 0:41,4/18/2023 0:56,899,Separator,0.5,2.0306,Separator Component Leak,Fugitive
4/18/2023 0:41,4/18/2023 0:56,899,Well Head,1,3.5606,Wellhead Component Leak,Fugitive
4/18/2023 0:41,4/18/2023 0:56,899,Tank,5.5,2.4877,Tank Battery Vent Leak,Fugitive
4/18/2023 0:56,4/18/2023 1:11,901,Separator,0.5,2.0306,Separator Component Leak,Fugitive
4/18/2023 0:56,4/18/2023 1:11,901,Well Head,1,3.5606,Wellhead Component Leak,Fugitive
4/18/2023 0:56,4/18/2023 1:11,901,Tank,5.5,2.4877,Tank Battery Vent Leak,Fugitive
4/18/2023 1:11,4/18/2023 1:26,900,Separator,1.3,1.2465,Separator Component Leak,Fugitive
4/18/2023 1:11,4/18/2023 1:26,900,Separator,0.5,2.0306,Separator Component Leak,Fugitive
4/18/2023 1:11,4/18/2023 1:26,900,Well Head,1,3.5606,Wellhead Component Leak,Fugitive
4/18/2023 1:11,4/18/2023 1:26,900,Tank,5.5,2.4877,Tank Battery Vent Leak,Fugitive
4/18/2023 1:26,4/18/2023 1:41,901,Separator,1.3,1.2456,Separator Component Leak,Fugitive
4/18/2023 1:26,4/18/2023 1:41,900,Separator,0.5,2.0306,Separator Component Leak,Fugitive
4/18/2023 1:26,4/18/2023 1:41,900,Well Head,1,3.5606,Wellhead Component Leak,Fugitive
4/18/2023 1:26,4/18/2023 1:41,900,Tank,5.5,2.4877,Tank Battery Vent Leak,Fugitive
4/26/2023 3:11,4/26/2023 4:26,4500,Well Head,1.3,6.7247,Wellhead Component Leak,Fugitive
4/26/2023 3:11,4/26/2023 4:41,5400,Well Head,0.6,3.5361,Wellhead Component Leak,Fugitive
4/26/2023 4:26,4/26/2023 4:41,900,Well Head,1.3,6.7345,Wellhead Component Leak,Fugitive
4/26/2023 9:38,4/26/2023 10:38,3600,Tank,4.6,6.9859,Tank Battery Vent Leak,Fugitive
4/26/2023 9:38,4/26/2023 9:53,899,Well Head,0.8,3.5063,Wellhead Component Leak,Fugitive
4/26/2023 9:53,4/26/2023 10:08,900,Well Head,0.8,3.481,Wellhead Component Leak,Fugitive
4/26/2023 10:08,4/26/2023 10:23,900,Well Head,0.8,3.4828,Wellhead Component Leak,Fugitive
4/26/2023 10:23,4/26/2023 10:38,901,Well Head,0.8,3.4845,Wellhead Component Leak,Fugitive
4/26/2023 12:38,4/26/2023 12:43,301,Tank,5.5,3.5557,Tank Battery Vent Leak,Fugitive
4/26/2023 12:44,4/26/2023 12:49,301,Well Head,0,4.9309,Wellhead Component Leak,Fugitive
4/26/2023 12:49,4/26/2023 13:49,3599,Well Head,0,4.9309,Wellhead Component Leak,Fugitive
4/26/2023 12:49,4/26/2023 13:49,3599,Tank,5.5,3.5557,Tank Battery Vent Leak,Fugitive
4/26/2023 13:49,4/26/2023 14:04,900,Well Head,0,4.9309,Wellhead Component Leak,Fugitive
4/26/2023 13:49,4/26/2023 14:04,900,Tank,5.5,3.5557,Tank Battery Vent Leak,Fugitive
4/26/2023 17:04,4/26/2023 17:19,899,Separator,1.6,5.1653,Separator Component Leak,Fugitive
4/26/2023 17:04,4/26/2023 18:19,4499,Separator,3.1,3.5413,Separator Component Leak,Fugitive
4/26/2023 17:19,4/26/2023 18:19,3600,Separator,1.6,5.1234,Separator Component Leak,Fugitive
4/26/2023 18:19,4/26/2023 18:34,901,Separator,1.6,5.1554,Separator Component Leak,Fugitive
4/26/2023 18:19,4/26/2023 18:34,901,Separator,3.1,3.5325,Separator Component Leak,Fugitive
4/26/2023 22:34,4/26/2023 23:04,1799,Well Head,0.6,3.4908,Wellhead Component Leak,Fugitive
4/26/2023 22:34,4/26/2023 23:34,3600,Well Head,1.3,6.6684,Wellhead Component Leak,Fugitive
4/26/2023 23:04,4/26/2023 23:34,1801,Well Head,0.6,3.508,Wellhead Component Leak,Fugitive
4/27/2023 3:35,4/27/2023 4:05,1799,Separator,1.7,3.1783,Separator Component Leak,Fugitive
4/27/2023 3:35,4/27/2023 4:05,1799,Tank,4.8,5.4279,Tank Battery Vent Leak,Fugitive
4/27/2023 10:35,4/27/2023 10:40,300,Tank,4.7,4.1837,Tank Battery Vent Leak,Fugitive
4/27/2023 10:41,4/27/2023 10:46,301,Separator,0.5,5.3796,Separator Component Leak,Fugitive
4/27/2023 10:46,4/27/2023 11:16,1799,Separator,0.5,5.3796,Separator Component Leak,Fugitive
4/27/2023 10:46,4/27/2023 11:16,1799,Tank,4.7,4.1837,Tank Battery Vent Leak,Fugitive
4/27/2023 11:16,4/27/2023 12:46,5400,Separator,0.5,5.3796,Separator Component Leak,Fugitive
4/27/2023 11:16,4/27/2023 12:46,5400,Tank,4.7,4.1837,Tank Battery Vent Leak,Fugitive
4/27/2023 12:46,4/27/2023 13:01,900,Separator,0.5,5.3796,Separator Component Leak,Fugitive
4/27/2023 12:46,4/27/2023 13:01,900,Tank,4.7,4.1837,Tank Battery Vent Leak,Fugitive
4/27/2023 13:01,4/27/2023 13:16,900,Separator,0.5,5.3796,Separator Component Leak,Fugitive
4/27/2023 13:01,4/27/2023 13:16,900,Tank,4.7,4.1837,Tank Battery Vent Leak,Fugitive
4/27/2023 18:08,4/27/2023 18:23,900,Separator,3.1,3.5363,Separator Component Leak,Fugitive
4/27/2023 18:08,4/27/2023 19:53,6300,Separator,1.6,5.285,Separator Component Leak,Fugitive
4/27/2023 18:23,4/27/2023 19:53,5400,Separator,3.1,3.5851,Separator Component Leak,Fugitive
4/28/2023 0:53,4/28/2023 1:23,1800,Well Head,0.6,3.519,Wellhead Component Leak,Fugitive
4/28/2023 0:53,4/28/2023 1:23,1800,Well Head,1.3,6.6986,Wellhead Component Leak,Fugitive
4/28/2023 1:23,4/28/2023 1:53,1800,Well Head,0.6,3.5314,Wellhead Component Leak,Fugitive
4/28/2023 1:23,4/28/2023 1:53,1801,Well Head,1.3,6.7286,Wellhead Component Leak,Fugitive
4/28/2023 9:30,4/28/2023 9:45,900,Separator,1.7,3.145,Separator Component Leak,Fugitive
4/28/2023 9:30,4/28/2023 11:45,8100,Tank,4.8,5.3566,Tank Battery Vent Leak,Fugitive
4/28/2023 9:45,4/28/2023 10:45,3600,Separator,1.7,3.0923,Separator Component Leak,Fugitive
4/28/2023 10:45,4/28/2023 11:15,1800,Separator,1.7,3.0713,Separator Component Leak,Fugitive
4/28/2023 11:15,4/28/2023 11:45,1800,Separator,1.7,3.0421,Separator Component Leak,Fugitive
4/28/2023 11:45,4/28/2023 12:00,900,Separator,1.7,3.0307,Separator Component Leak,Fugitive
4/28/2023 11:45,4/28/2023 12:00,900,Tank,4.8,5.3161,Tank Battery Vent Leak,Fugitive
5/2/2023 2:00,5/2/2023 9:17,26221,Well Head,1.2,0.0035,Wellhead Pneumatic Emissions,Vented
5/2/2023 9:49,5/2/2023 9:53,235,Well Head,1.5,0.0034,Wellhead Pneumatic Emissions,Vented
5/2/2023 10:00,5/2/2023 10:00,24,Well Head,1.5,0.0036,Wellhead Pneumatic Emissions,Vented
5/2/2023 10:00,5/3/2023 10:00,86376,Well Head,1.5,0.0084,Wellhead Pneumatic Emissions,Vented
5/3/2023 2:00,5/3/2023 10:00,28813,Well Head,1.5,0.0029,Wellhead Pneumatic Emissions,Vented
5/3/2023 10:44,5/3/2023 12:44,7200,Separator,2.7,0.101,Separator Pneumatic Emissions,Vented
5/3/2023 14:44,5/3/2023 16:44,7199,Separator,1.2,0.1158,Separator Pneumatic Emissions,Vented
5/3/2023 16:44,5/3/2023 18:44,7200,Separator,0.5,0.1109,Separator Pneumatic Emissions,Vented
5/3/2023 18:44,5/4/2023 4:44,35999,Well Head,1.2,0.0087,Wellhead Pneumatic Emissions,Vented
5/4/2023 2:00,5/4/2023 4:44,9841,Well Head,1.2,0.0052,Wellhead Pneumatic Emissions,Vented
5/4/2023 4:44,5/4/2023 7:44,10800,Well Head,1.2,0.0051,Wellhead Pneumatic Emissions,Vented
5/4/2023 7:44,5/4/2023 9:44,7200,Well Head,1.2,0.0049,Wellhead Pneumatic Emissions,Vented
5/4/2023 7:44,5/4/2023 9:44,7201,Well Head,1.2,0.0049,Wellhead Pneumatic Emissions,Vented
5/4/2023 10:18,5/4/2023 10:33,933,Tank,4.6,0.0838,Tank Thief Hatch Leak,Fugitive
5/4/2023 10:34,5/4/2023 18:34,28800,Tank,4.6,0.0962,Tank Thief Hatch Leak,Fugitive
5/4/2023 18:34,5/4/2023 21:34,10800,Well Head,1.2,0.0045,Wellhead Pneumatic Emissions,Vented
5/4/2023 21:34,5/5/2023 1:34,14400,Well Head,1.2,0.0041,Wellhead Pneumatic Emissions,Vented
5/5/2023 1:34,5/5/2023 2:00,1524,Well Head,1.2,0.0041,Wellhead Pneumatic Emissions,Vented
5/9/2023 2:00,5/9/2023 8:34,23688,Well Head,1.2,0.0255,Wellhead Pneumatic Emissions,Vented
5/9/2023 9:08,5/9/2023 11:08,7199,Separator,2.7,1.0901,Separator Component Leak,Fugitive
5/9/2023 9:08,5/9/2023 17:08,28800,Separator,1.3,0.02,Separator Pneumatic Emissions,Vented
5/9/2023 11:08,5/9/2023 13:08,7200,Well Head,1.1,1.0223,Wellhead Component Leak,Fugitive
5/9/2023 13:08,5/9/2023 15:08,7200,Separator,2.7,1.047,Separator Component Leak,Fugitive
5/9/2023 15:08,5/9/2023 17:08,7200,Well Head,1.1,1.0159,Wellhead Component Leak,Fugitive
5/9/2023 17:08,5/9/2023 22:08,18000,Well Head,1.2,0.0093,Wellhead Pneumatic Emissions,Vented
5/9/2023 22:08,5/10/2023 2:00,13863,Well Head,1.2,0.0095,Wellhead Pneumatic Emissions,Vented
5/10/2023 2:00,5/10/2023 5:08,11337,Well Head,1.2,0.0095,Wellhead Pneumatic Emissions,Vented
5/10/2023 5:08,5/10/2023 8:08,10801,Well Head,1.2,0.0094,Wellhead Pneumatic Emissions,Vented
5/10/2023 8:24,5/10/2023 10:24,7200,Separator,2.7,1.1497,Separator Component Leak,Fugitive
5/10/2023 8:24,5/10/2023 16:24,28800,Tank,5.4,0.0277,Tank Battery Component Leak,Fugitive
5/10/2023 10:24,5/10/2023 12:24,7200,Well Head,1.1,1.098,Wellhead Component Leak,Fugitive
5/10/2023 12:24,5/10/2023 14:24,7200,Separator,2.7,1.115,Separator Component Leak,Fugitive
5/10/2023 14:24,5/10/2023 16:24,7200,Well Head,1.1,1.0699,Wellhead Component Leak,Fugitive
5/10/2023 16:24,5/11/2023 2:00,34545,Well Head,1.2,0.0366,Wellhead Pneumatic Emissions,Vented
5/11/2023 2:00,5/11/2023 7:24,19456,Well Head,1.2,0.037,Wellhead Pneumatic Emissions,Vented
5/11/2023 7:24,5/11/2023 9:24,7202,Well Head,1.2,0.0365,Wellhead Pneumatic Emissions,Vented
5/11/2023 9:24,5/11/2023 11:24,7200,Separator,2.7,1.1445,Separator Component Leak,Fugitive
5/11/2023 9:24,5/11/2023 17:24,28800,Well Head,1.2,0.0226,Wellhead Pneumatic Emissions,Vented
5/11/2023 11:24,5/11/2023 13:24,7200,Well Head,1.1,1.1078,Wellhead Component Leak,Fugitive
5/11/2023 13:24,5/11/2023 15:24,7200,Separator,2.7,1.1463,Separator Component Leak,Fugitive
5/11/2023 15:24,5/11/2023 17:24,7200,Well Head,1.1,1.1062,Wellhead Component Leak,Fugitive
5/11/2023 17:24,5/12/2023 2:00,30938,Well Head,1.2,0.0454,Wellhead Pneumatic Emissions,Vented
5/12/2023 2:00,5/12/2023 9:20,26397,Well Head,1.2,0.0454,Wellhead Pneumatic Emissions,Vented
5/12/2023 9:56,5/12/2023 11:56,7200,Separator,2.7,1.1541,Separator Component Leak,Fugitive
5/12/2023 9:56,5/12/2023 17:56,28800,Separator,1.3,0.02,Separator Pneumatic Emissions,Vented
5/12/2023 11:56,5/12/2023 13:56,7200,Well Head,1.1,1.0792,Wellhead Component Leak,Fugitive
5/12/2023 13:56,5/12/2023 15:56,7200,Separator,2.7,1.0996,Separator Component Leak,Fugitive
5/12/2023 15:56,5/12/2023 17:56,7200,Well Head,1.1,1.0769,Wellhead Component Leak,Fugitive
5/12/2023 17:56,5/12/2023 23:56,21601,Well Head,1.2,0.0255,Wellhead Pneumatic Emissions,Vented
5/12/2023 23:56,5/13/2023 1:56,7200,Well Head,1.2,0.0257,Wellhead Pneumatic Emissions,Vented
5/13/2023 1:56,5/13/2023 2:00,201,Well Head,1.2,0.0256,Wellhead Pneumatic Emissions,Vented
5/13/2023 2:00,5/13/2023 8:56,24999,Well Head,1.2,0.0256,Wellhead Pneumatic Emissions,Vented
5/13/2023 12:05,5/13/2023 12:57,3147,Separator,2.5,0.0201,Separator Pneumatic Emissions,Vented
5/13/2023 12:18,5/13/2023 12:24,365,Well Head,1.2,0.0283,Wellhead Pneumatic Emissions,Vented
5/13/2023 12:45,5/13/2023 12:45,11,Well Head,1.2,0.0271,Wellhead Pneumatic Emissions,Vented
5/13/2023 12:45,5/13/2023 12:45,23,Well Head,1.2,0.0271,Wellhead Pneumatic Emissions,Vented
5/13/2023 12:45,5/13/2023 12:46,25,Well Head,1.2,0.0271,Wellhead Pneumatic Emissions,Vented
5/13/2023 12:46,5/13/2023 12:57,694,Well Head,1.2,0.0271,Wellhead Pneumatic Emissions,Vented
5/14/2023 18:33,5/15/2023 2:00,26774,Well Head,1.2,0.0272,Wellhead Pneumatic Emissions,Vented
5/14/2023 18:37,5/15/2023 2:00,26568,Separator,2.5,0.0428,Separator Pneumatic Emissions,Vented
5/15/2023 2:00,5/15/2023 7:14,18889,Well Head,1.2,0.0271,Wellhead Pneumatic Emissions,Vented
5/15/2023 2:00,5/15/2023 18:28,59295,Separator,2.5,0.0418,Separator Pneumatic Emissions,Vented
5/15/2023 7:14,5/15/2023 18:28,40424,Well Head,1.2,0.0271,Wellhead Pneumatic Emissions,Vented
5/15/2023 18:28,5/15/2023 18:43,897,Separator,2.5,0.0932,Separator Pneumatic Emissions,Vented
5/15/2023 18:43,5/15/2023 18:50,463,Well Head,1.5,0.2164,Wellhead Component Leak,Fugitive
5/15/2023 18:43,5/15/2023 18:44,83,Separator,1.5,0.1178,Separator Pneumatic Emissions,Vented
5/15/2023 18:44,5/15/2023 18:51,411,Separator,1.5,0.2038,Separator Pneumatic Emissions,Vented
5/15/2023 18:50,5/15/2023 18:51,54,Well Head,1.5,0.2164,Wellhead Component Leak,Fugitive
5/15/2023 18:51,5/16/2023 2:00,25707,Separator,1.5,0.1828,Separator Pneumatic Emissions,Vented
5/15/2023 18:51,5/16/2023 2:00,25693,Well Head,1.5,0.1803,Wellhead Component Leak,Fugitive
5/24/2023 12:38,5/24/2023 12:38,17,Well Head,1.3,0.042,Wellhead Pneumatic Emissions,Vented
5/24/2023 12:39,5/24/2023 12:40,76,Well Head,1.3,0.042,Wellhead Pneumatic Emissions,Vented
5/24/2023 12:41,5/24/2023 12:42,30,Tank,0.75,0.1568,Tank Thief Hatch Leak,Fugitive
5/24/2023 12:42,5/24/2023 13:33,3038,Tank,0.75,0.1568,Tank Thief Hatch Leak,Fugitive
5/24/2023 12:42,5/24/2023 13:33,3038,Well Head,1.3,0.042,Wellhead Pneumatic Emissions,Vented
5/24/2023 13:25,5/24/2023 13:27,144,Well Head,1.9,0.1452,Wellhead Component Leak,Fugitive
5/24/2023 13:28,5/24/2023 13:29,73,Separator,2.3,0.1007,Separator Pneumatic Emissions,Vented
5/24/2023 13:29,5/24/2023 13:29,36,Tank,3,0.2368,Tank Thief Hatch Leak,Fugitive
5/24/2023 13:29,5/24/2023 13:31,106,Tank,3,0.1578,Tank Thief Hatch Leak,Fugitive
5/24/2023 13:31,5/24/2023 13:51,1205,Well Head,1.9,0.1452,Wellhead Component Leak,Fugitive
5/24/2023 13:31,5/24/2023 13:51,1205,Separator,2.3,0.1007,Separator Pneumatic Emissions,Vented
5/24/2023 13:31,5/24/2023 13:51,1205,Tank,3,0.1578,Tank Thief Hatch Leak,Fugitive
5/24/2023 13:33,5/24/2023 13:33,4,Tank,0.75,0.1568,Tank Thief Hatch Leak,Fugitive
5/24/2023 13:33,5/24/2023 13:33,4,Well Head,1.3,0.042,Wellhead Pneumatic Emissions,Vented
5/24/2023 13:33,5/24/2023 13:35,134,Tank,0.75,0.1568,Tank Thief Hatch Leak,Fugitive
5/24/2023 13:33,5/24/2023 13:35,134,Well Head,1.3,0.042,Wellhead Pneumatic Emissions,Vented
5/24/2023 13:38,5/24/2023 13:40,131,Well Head,1.9,0.0506,Wellhead Pneumatic Emissions,Vented
5/24/2023 13:46,5/24/2023 13:46,23,Tank,3.4,0.2329,Tank Thief Hatch Leak,Fugitive
5/24/2023 13:46,5/24/2023 13:51,262,Tank,3.4,0.1598,Tank Thief Hatch Leak,Fugitive
5/24/2023 13:51,5/24/2023 13:51,5,Well Head,1.9,0.0506,Wellhead Pneumatic Emissions,Vented
5/24/2023 13:51,5/24/2023 13:51,5,Tank,3.4,0.1598,Tank Thief Hatch Leak,Fugitive
5/24/2023 13:51,5/24/2023 14:45,3248,Well Head,1.9,0.0506,Wellhead Pneumatic Emissions,Vented
5/24/2023 13:51,5/24/2023 14:45,3248,Tank,3.4,0.1598,Tank Thief Hatch Leak,Fugitive
5/24/2023 13:51,5/24/2023 13:52,60,Well Head,0.92,0.168,Wellhead Component Leak,Fugitive
5/24/2023 13:52,5/24/2023 13:53,16,Separator,2.3,0.1007,Separator Pneumatic Emissions,Vented
5/24/2023 13:53,5/24/2023 13:55,158,Separator,2.44,0.0922,Separator Pneumatic Emissions,Vented
5/24/2023 13:55,5/24/2023 13:59,206,Tank,0.88,0.1512,Tank Thief Hatch Leak,Fugitive
5/24/2023 13:59,5/24/2023 13:59,6,Tank,0.88,0.1512,Tank Thief Hatch Leak,Fugitive
5/24/2023 13:59,5/24/2023 13:59,6,Tank,0.88,0.1512,Tank Thief Hatch Leak,Fugitive
5/24/2023 13:59,5/24/2023 13:59,6,Well Head,0.92,0.168,Wellhead Component Leak,Fugitive
5/24/2023 13:59,5/24/2023 14:10,673,Tank,0.88,0.1512,Tank Thief Hatch Leak,Fugitive
5/24/2023 13:59,5/24/2023 14:10,673,Well Head,0.92,0.168,Wellhead Component Leak,Fugitive
5/24/2023 13:59,5/24/2023 14:10,673,Separator,2.44,0.0922,Separator Pneumatic Emissions,Vented
5/24/2023 14:10,5/24/2023 14:45,2083,Well Head,0.92,0.168,Wellhead Component Leak,Fugitive
5/24/2023 14:10,5/24/2023 14:45,2083,Separator,2.44,0.0922,Separator Pneumatic Emissions,Vented
5/24/2023 14:13,5/24/2023 14:14,40,Well Head,1.3,0.2451,Wellhead Component Leak,Fugitive
5/24/2023 14:14,5/24/2023 14:15,71,Well Head,0,0.0558,Wellhead Component Leak,Fugitive
5/24/2023 14:15,5/24/2023 14:16,75,Well Head,0,0.1517,Wellhead Component Leak,Fugitive
5/24/2023 14:16,5/24/2023 14:17,18,Well Head,1.1,0.0611,Wellhead Pneumatic Emissions,Vented
5/24/2023 14:17,5/24/2023 14:17,22,Well Head,1.3,0.2567,Wellhead Component Leak,Fugitive
5/24/2023 14:20,5/24/2023 14:21,15,Well Head,1.3,0.2618,Wellhead Component Leak,Fugitive
5/24/2023 14:21,5/24/2023 14:21,26,Well Head,1.3,0.2618,Wellhead Component Leak,Fugitive
5/24/2023 14:21,5/24/2023 14:22,45,Well Head,1.3,0.2618,Wellhead Component Leak,Fugitive
5/24/2023 14:23,5/24/2023 14:25,133,Well Head,0,0.0635,Wellhead Component Leak,Fugitive
5/24/2023 14:25,5/24/2023 14:26,86,Well Head,1.1,0.0611,Wellhead Pneumatic Emissions,Vented
5/24/2023 14:26,5/24/2023 14:28,98,Well Head,1.3,0.259,Wellhead Component Leak,Fugitive
5/24/2023 14:28,5/24/2023 14:44,991,Well Head,0,0.0635,Wellhead Component Leak,Fugitive
5/24/2023 14:28,5/24/2023 14:44,991,Well Head,1.1,0.0611,Wellhead Pneumatic Emissions,Vented
5/24/2023 14:28,5/24/2023 14:44,991,Well Head,1.3,0.259,Wellhead Component Leak,Fugitive
5/24/2023 14:31,5/24/2023 14:31,31,Well Head,1.2,0.0026,Wellhead Pneumatic Emissions,Vented
5/24/2023 14:31,5/24/2023 14:32,31,Well Head,1.2,0.0034,Wellhead Pneumatic Emissions,Vented
5/24/2023 14:32,5/24/2023 14:33,86,Well Head,1.2,0.0615,Wellhead Pneumatic Emissions,Vented
5/24/2023 14:33,5/24/2023 14:33,16,Separator,1.3,0.0239,Separator Pneumatic Emissions,Vented
5/24/2023 14:33,5/24/2023 14:35,107,Separator,1.3,0.0056,Separator Pneumatic Emissions,Vented
5/24/2023 14:35,5/24/2023 14:36,26,Separator,1.3,0.0048,Separator Pneumatic Emissions,Vented
5/24/2023 14:36,5/24/2023 14:36,48,Separator,3.1,0.0062,Separator Pneumatic Emissions,Vented
5/24/2023 14:37,5/24/2023 14:38,58,Separator,1.3,0.0239,Separator Pneumatic Emissions,Vented
5/24/2023 14:38,5/24/2023 14:39,74,Separator,1.3,0.0419,Separator Pneumatic Emissions,Vented
5/24/2023 14:39,5/24/2023 14:42,179,Tank,5.4,0.056,Tank Thief Hatch Leak,Fugitive
5/24/2023 14:42,5/24/2023 14:44,115,Tank,5.4,0.1638,Tank Thief Hatch Leak,Fugitive
5/24/2023 14:44,5/24/2023 14:44,39,Well Head,1.2,0.0615,Wellhead Pneumatic Emissions,Vented
5/24/2023 14:44,5/24/2023 14:44,39,Separator,1.3,0.0419,Separator Pneumatic Emissions,Vented
5/24/2023 14:44,5/24/2023 14:44,39,Tank,5.4,0.1638,Tank Thief Hatch Leak,Fugitive
5/24/2023 14:45,5/24/2023 14:45,9,Tank,3.4,0.1598,Tank Thief Hatch Leak,Fugitive
6/5/2023 8:33,6/5/2023 8:36,197,Separator,2.2,0.0243,Separator Pneumatic Emissions,Vented
6/5/2023 8:33,6/5/2023 8:36,196,Well Head,1.3,0.0009,Wellhead Pneumatic Emissions,Vented
6/5/2023 8:36,6/5/2023 8:37,29,Well Head,1.3,0.0008,Wellhead Pneumatic Emissions,Vented
6/5/2023 8:36,6/5/2023 8:37,29,Separator,2.2,0.0232,Separator Pneumatic Emissions,Vented
6/5/2023 9:17,6/5/2023 9:19,91,Separator,2.9,0.1172,Separator Pneumatic Emissions,Vented
6/5/2023 9:44,6/5/2023 9:44,7,Well Head,0.6,1.7095,Wellhead Component Leak,Fugitive
6/5/2023 9:46,6/5/2023 9:46,10,Well Head,0.6,1.7095,Wellhead Component Leak,Fugitive
6/5/2023 9:48,6/5/2023 9:48,7,Well Head,0.6,1.7095,Wellhead Component Leak,Fugitive
6/5/2023 10:08,6/5/2023 10:50,2507,Separator,2.2,0.1552,Separator Pneumatic Emissions,Vented
6/5/2023 10:08,6/5/2023 10:50,2508,Well Head,1.3,0.1101,Wellhead Component Leak,Fugitive
6/5/2023 10:51,6/5/2023 11:14,1369,Well Head,1.1,0.5252,Wellhead Component Leak,Fugitive
6/5/2023 11:18,6/5/2023 11:48,1800,Well Head,1.1,0.2786,Wellhead Component Leak,Fugitive
6/5/2023 11:18,6/5/2023 11:48,1800,Well Head,1.3,1.4758,Wellhead Component Leak,Fugitive
6/5/2023 11:51,6/5/2023 12:05,870,Well Head,1.3,1.4761,Wellhead Component Leak,Fugitive
6/5/2023 11:51,6/5/2023 12:05,871,Well Head,1.1,0.2776,Wellhead Component Leak,Fugitive
6/5/2023 12:06,6/5/2023 12:11,300,Separator,2.5,0.0433,Separator Pneumatic Emissions,Vented
6/5/2023 12:06,6/5/2023 12:11,301,Well Head,2.1,0.1505,Wellhead Component Leak,Fugitive
6/5/2023 12:12,6/5/2023 12:17,301,Tank,3.9,0.131,Tank Thief Hatch Leak,Fugitive
6/5/2023 12:17,6/5/2023 12:43,1525,Well Head,2.1,0.1506,Wellhead Component Leak,Fugitive
6/5/2023 12:17,6/5/2023 12:43,1524,Separator,2.5,0.0433,Separator Pneumatic Emissions,Vented
6/5/2023 12:17,6/5/2023 12:43,1524,Tank,3.9,0.131,Tank Thief Hatch Leak,Fugitive
6/5/2023 12:44,6/5/2023 12:47,179,Separator,1.3,0.3359,Separator Component Leak,Fugitive
6/5/2023 12:48,6/5/2023 12:51,179,Well Head,2,0.4617,Wellhead Component Leak,Fugitive
6/5/2023 12:51,6/5/2023 13:09,1127,Separator,1.3,0.3359,Separator Component Leak,Fugitive
6/5/2023 12:51,6/5/2023 13:09,1127,Well Head,2,0.4617,Wellhead Component Leak,Fugitive
6/5/2023 13:10,6/5/2023 13:14,240,Separator,0.5,0.2462,Separator Pneumatic Emissions,Vented
6/5/2023 13:10,6/5/2023 13:14,240,Separator,1.5,0.3961,Separator Component Leak,Fugitive
6/5/2023 13:15,6/5/2023 13:19,240,Well Head,0.6,1.7095,Wellhead Component Leak,Fugitive
6/5/2023 13:15,6/5/2023 13:19,240,Well Head,0.9,0.468,Wellhead Component Leak,Fugitive
6/5/2023 13:19,6/5/2023 14:09,3004,Separator,0.5,0.2462,Separator Pneumatic Emissions,Vented
6/5/2023 13:19,6/5/2023 14:09,3004,Well Head,0.6,1.7095,Wellhead Component Leak,Fugitive
6/5/2023 13:19,6/5/2023 14:09,3004,Well Head,0.9,0.468,Wellhead Component Leak,Fugitive
6/5/2023 13:19,6/5/2023 14:09,3004,Separator,1.5,0.3961,Separator Component Leak,Fugitive
6/5/2023 14:40,6/5/2023 14:44,241,Separator,3.6,0.4153,Separator Component Leak,Fugitive
6/5/2023 14:45,6/5/2023 14:49,240,Tank,4.7,0.4653,Tank Thief Hatch Leak,Fugitive
6/5/2023 14:49,6/5/2023 15:26,2223,Separator,3.6,0.4153,Separator Component Leak,Fugitive
6/5/2023 14:49,6/5/2023 15:26,2223,Tank,4.7,0.4653,Tank Thief Hatch Leak,Fugitive
6/5/2023 14:49,6/5/2023 15:26,2222,Separator,0.6,0.7086,Separator Component Leak,Fugitive
6/5/2023 15:27,6/5/2023 15:58,1828,Well Head,1.8,0.1451,Wellhead Component Leak,Fugitive
6/5/2023 15:27,6/5/2023 15:58,1828,Tank,3,0.2328,Tank Thief Hatch Leak,Fugitive
6/5/2023 15:58,6/5/2023 16:45,2800,Well Head,1.8,0.734,Wellhead Component Leak,Fugitive
6/6/2023 8:51,6/6/2023 8:51,12,Tank,6,0.9688,Tank Thief Hatch Leak,Fugitive
6/6/2023 8:54,6/6/2023 8:56,115,Tank,6,0.9688,Tank Thief Hatch Leak,Fugitive
6/6/2023 8:56,6/6/2023 8:57,88,Tank,5.8,0.9435,Tank Thief Hatch Leak,Fugitive
6/6/2023 8:57,6/6/2023 8:58,34,Tank,5.4,2.3201,Tank Battery Vent Leak,Fugitive
6/6/2023 8:58,6/6/2023 8:58,34,Tank,5.9,2.0313,Tank Battery Vent Leak,Fugitive
6/6/2023 9:00,6/6/2023 9:02,109,Tank,3,0.2553,Tank Thief Hatch Leak,Fugitive
6/6/2023 9:02,6/6/2023 9:03,71,Tank,3,0.2672,Tank Thief Hatch Leak,Fugitive
6/6/2023 9:03,6/6/2023 9:04,52,Tank,3.1,0.2672,Tank Thief Hatch Leak,Fugitive
6/6/2023 9:04,6/6/2023 9:04,23,Tank,3.1,0.2672,Tank Thief Hatch Leak,Fugitive
6/6/2023 9:04,6/6/2023 9:06,109,Tank,3.1,0.2673,Tank Thief Hatch Leak,Fugitive
6/6/2023 9:14,6/6/2023 9:16,77,Separator,0.9,0.0948,Separator Pneumatic Emissions,Vented
6/6/2023 9:16,6/6/2023 9:16,20,Separator,0.9,0.093,Separator Pneumatic Emissions,Vented
6/6/2023 9:16,6/6/2023 9:18,109,Separator,0.9,0.093,Separator Pneumatic Emissions,Vented
6/6/2023 9:18,6/6/2023 9:19,73,Separator,0.9,0.093,Separator Pneumatic Emissions,Vented
6/6/2023 9:19,6/6/2023 9:23,251,Separator,2.2,0.4608,Separator Component Leak,Fugitive
6/6/2023 9:53,6/6/2023 10:26,1972,Tank,3,0.233,Tank Thief Hatch Leak,Fugitive
6/6/2023 9:53,6/6/2023 10:26,1973,Well Head,1.8,0.1481,Wellhead Component Leak,Fugitive
6/6/2023 10:26,6/6/2023 10:57,1824,Well Head,1.8,0.7254,Wellhead Component Leak,Fugitive
6/6/2023 10:58,6/6/2023 11:02,240,Separator,3.6,0.4121,Separator Component Leak,Fugitive
6/6/2023 10:59,6/6/2023 11:48,2959,Tank,3.9,0.1225,Tank Thief Hatch Leak,Fugitive
6/6/2023 11:03,6/6/2023 11:07,240,Tank,4.7,0.4603,Tank Thief Hatch Leak,Fugitive
6/6/2023 11:07,6/6/2023 11:47,2437,Separator,3.6,0.4121,Separator Component Leak,Fugitive
6/6/2023 11:07,6/6/2023 11:47,2437,Tank,4.7,0.4603,Tank Thief Hatch Leak,Fugitive
6/6/2023 11:07,6/6/2023 11:47,2436,Separator,0.6,0.6963,Separator Component Leak,Fugitive
6/6/2023 11:48,6/6/2023 11:53,299,Tank,3.9,0.138,Tank Thief Hatch Leak,Fugitive
6/6/2023 11:48,6/6/2023 11:53,300,Separator,2.3,0.1147,Separator Pneumatic Emissions,Vented
6/6/2023 11:53,6/6/2023 11:54,61,Tank,3.9,0.138,Tank Thief Hatch Leak,Fugitive
6/6/2023 11:54,6/6/2023 11:59,300,Well Head,1.9,0.1499,Wellhead Component Leak,Fugitive
6/6/2023 11:54,6/6/2023 11:59,300,Tank,3.9,0.138,Tank Thief Hatch Leak,Fugitive
6/6/2023 11:59,6/6/2023 12:17,1106,Well Head,1.9,0.1499,Wellhead Component Leak,Fugitive
6/6/2023 11:59,6/6/2023 12:17,1106,Separator,2.3,0.1147,Separator Pneumatic Emissions,Vented
6/6/2023 11:59,6/6/2023 12:17,1107,Tank,3.9,0.138,Tank Thief Hatch Leak,Fugitive
6/6/2023 12:17,6/6/2023 13:21,3828,Tank,3.9,0.1313,Tank Thief Hatch Leak,Fugitive
6/6/2023 12:18,6/6/2023 12:39,1257,Well Head,1.1,0.5165,Wellhead Component Leak,Fugitive
6/6/2023 12:39,6/6/2023 12:43,239,Separator,0.8,0.3167,Separator Component Leak,Fugitive
6/6/2023 12:39,6/6/2023 12:43,239,Separator,3.1,1.9855,Separator Component Leak,Fugitive
6/6/2023 12:44,6/6/2023 12:48,241,Well Head,1.1,0.3836,Wellhead Component Leak,Fugitive
6/6/2023 12:44,6/6/2023 12:48,241,Tank,5.5,0.2691,Tank Thief Hatch Leak,Fugitive
6/6/2023 12:48,6/6/2023 13:25,2172,Separator,0.8,0.3167,Separator Component Leak,Fugitive
6/6/2023 12:48,6/6/2023 13:25,2172,Well Head,1.1,0.3836,Wellhead Component Leak,Fugitive
6/6/2023 12:48,6/6/2023 13:25,2172,Separator,3.1,1.9855,Separator Component Leak,Fugitive
6/6/2023 12:48,6/6/2023 13:25,2172,Tank,5.5,0.2691,Tank Thief Hatch Leak,Fugitive
6/6/2023 14:01,6/6/2023 14:05,241,Separator,2.2,0.451,Separator Component Leak,Fugitive
6/6/2023 14:06,6/6/2023 14:10,240,Tank,5.4,0.6533,Tank Thief Hatch Leak,Fugitive
6/6/2023 14:11,6/6/2023 14:15,240,Well Head,2.1,0.1228,Wellhead Component Leak,Fugitive
6/6/2023 14:15,6/6/2023 14:30,924,Well Head,2.1,0.1228,Wellhead Component Leak,Fugitive
6/6/2023 14:15,6/6/2023 14:30,924,Separator,2.2,0.451,Separator Component Leak,Fugitive
6/6/2023 14:15,6/6/2023 14:30,924,Tank,5.4,0.6533,Tank Thief Hatch Leak,Fugitive
6/6/2023 14:31,6/6/2023 14:35,240,Separator,0.5,0.3133,Separator Component Leak,Fugitive
6/6/2023 14:31,6/6/2023 14:35,239,Separator,1.5,0.4522,Separator Component Leak,Fugitive
6/6/2023 14:36,6/6/2023 14:40,239,Well Head,0.9,0.3792,Wellhead Component Leak,Fugitive
6/6/2023 14:36,6/6/2023 14:40,240,Well Head,0.6,1.2905,Wellhead Component Leak,Fugitive
6/6/2023 14:40,6/6/2023 15:21,2424,Separator,0.5,0.3133,Separator Component Leak,Fugitive
6/6/2023 14:40,6/6/2023 15:21,2424,Well Head,0.9,0.3792,Wellhead Component Leak,Fugitive
6/6/2023 14:40,6/6/2023 15:21,2422,Well Head,0.6,1.2905,Wellhead Component Leak,Fugitive
6/6/2023 14:40,6/6/2023 15:21,2422,Separator,1.5,0.4522,Separator Component Leak,Fugitive
6/6/2023 15:22,6/6/2023 15:27,301,Separator,1.6,0.0761,Separator Pneumatic Emissions,Vented
6/6/2023 15:22,6/6/2023 15:27,300,Well Head,0.92,0.1928,Wellhead Component Leak,Fugitive
6/6/2023 15:28,6/6/2023 15:33,300,Tank,3.4,0.1448,Tank Thief Hatch Leak,Fugitive
6/6/2023 15:33,6/6/2023 16:04,1859,Well Head,0.92,0.1935,Wellhead Component Leak,Fugitive
6/6/2023 15:33,6/6/2023 16:04,1859,Separator,1.6,0.0761,Separator Pneumatic Emissions,Vented
6/6/2023 15:33,6/6/2023 16:04,1859,Tank,3.4,0.1448,Tank Thief Hatch Leak,Fugitive
6/6/2023 16:05,6/6/2023 16:09,241,Separator,2.6,0.4552,Separator Component Leak,Fugitive
6/6/2023 16:10,6/6/2023 16:14,240,Tank,5.9,0.6634,Tank Thief Hatch Leak,Fugitive
6/6/2023 16:15,6/6/2023 16:19,240,Well Head,1,0.1424,Wellhead Component Leak,Fugitive
6/6/2023 16:19,6/6/2023 16:33,866,Well Head,1,0.1424,Wellhead Component Leak,Fugitive
6/6/2023 16:19,6/6/2023 16:33,866,Separator,2.6,0.4552,Separator Component Leak,Fugitive
6/6/2023 16:19,6/6/2023 16:33,866,Tank,5.9,0.6634,Tank Thief Hatch Leak,Fugitive
6/6/2023 16:35,6/6/2023 17:19,2626,Well Head,1.1,0.2743,Wellhead Component Leak,Fugitive
6/6/2023 16:35,6/6/2023 17:19,2627,Well Head,1.3,1.4656,Wellhead Component Leak,Fugitive
6/6/2023 17:20,6/6/2023 17:25,300,Well Head,0.92,0.1931,Wellhead Component Leak,Fugitive
6/6/2023 17:20,6/6/2023 17:25,300,Separator,1.6,0.0763,Separator Pneumatic Emissions,Vented
6/6/2023 17:26,6/6/2023 17:31,300,Tank,3.4,0.1456,Tank Thief Hatch Leak,Fugitive
6/6/2023 17:31,6/6/2023 17:52,1219,Well Head,0.92,0.1928,Wellhead Component Leak,Fugitive
6/6/2023 17:31,6/6/2023 17:52,1219,Separator,1.6,0.0763,Separator Pneumatic Emissions,Vented
6/6/2023 17:31,6/6/2023 17:52,1219,Tank,3.4,0.1456,Tank Thief Hatch Leak,Fugitive
6/7/2023 8:27,6/7/2023 9:10,2587,Well Head,1.3,0.1108,Wellhead Component Leak,Fugitive
6/7/2023 8:27,6/7/2023 9:10,2587,Separator,2.2,0.154,Separator Pneumatic Emissions,Vented
6/7/2023 9:10,6/7/2023 9:41,1817,Well Head,1.1,0.5224,Wellhead Component Leak,Fugitive
6/7/2023 9:41,6/7/2023 9:45,240,Separator,0.5,0.2536,Separator Pneumatic Emissions,Vented
6/7/2023 9:41,6/7/2023 9:45,240,Separator,1.5,0.4001,Separator Component Leak,Fugitive
6/7/2023 9:46,6/7/2023 9:50,240,Well Head,0.9,0.4721,Wellhead Component Leak,Fugitive
6/7/2023 9:46,6/7/2023 9:50,239,Well Head,0.6,1.7065,Wellhead Component Leak,Fugitive
6/7/2023 9:50,6/7/2023 10:32,2520,Separator,0.5,0.2536,Separator Pneumatic Emissions,Vented
6/7/2023 9:50,6/7/2023 10:32,2520,Well Head,0.6,1.7065,Wellhead Component Leak,Fugitive
6/7/2023 9:50,6/7/2023 10:32,2520,Well Head,0.9,0.4721,Wellhead Component Leak,Fugitive
6/7/2023 9:50,6/7/2023 10:32,2520,Separator,1.5,0.4001,Separator Component Leak,Fugitive
6/7/2023 10:32,6/7/2023 10:36,240,Separator,1.3,0.5334,Separator Component Leak,Fugitive
6/7/2023 10:37,6/7/2023 10:41,240,Tank,5.9,0.6621,Tank Thief Hatch Leak,Fugitive
6/7/2023 10:42,6/7/2023 10:46,240,Well Head,1.1,0.3906,Wellhead Component Leak,Fugitive
6/7/2023 10:46,6/7/2023 11:00,798,Well Head,1.1,0.3906,Wellhead Component Leak,Fugitive
6/7/2023 10:46,6/7/2023 11:00,798,Separator,1.3,0.5334,Separator Component Leak,Fugitive
6/7/2023 10:46,6/7/2023 11:00,798,Tank,5.9,0.6621,Tank Thief Hatch Leak,Fugitive
6/7/2023 11:01,6/7/2023 11:34,1995,Well Head,1.8,0.1483,Wellhead Component Leak,Fugitive
6/7/2023 11:01,6/7/2023 11:34,1996,Tank,3,0.2295,Tank Thief Hatch Leak,Fugitive
6/7/2023 11:34,6/7/2023 11:37,179,Well Head,1.8,0.3668,Wellhead Component Leak,Fugitive
6/7/2023 11:38,6/7/2023 11:41,179,Tank,5.4,1.0271,Tank Thief Hatch Leak,Fugitive
6/7/2023 11:41,6/7/2023 12:01,1207,Well Head,1.8,0.3668,Wellhead Component Leak,Fugitive
6/7/2023 11:41,6/7/2023 12:01,1207,Tank,5.4,1.0271,Tank Thief Hatch Leak,Fugitive
6/7/2023 12:02,6/7/2023 12:06,240,Separator,0.5,0.2262,Separator Pneumatic Emissions,Vented
6/7/2023 12:02,6/7/2023 12:06,241,Separator,1.5,0.3789,Separator Component Leak,Fugitive
6/7/2023 12:07,6/7/2023 12:11,241,Well Head,0.6,1.6718,Wellhead Component Leak,Fugitive
6/7/2023 12:07,6/7/2023 12:11,239,Well Head,0.9,0.4473,Wellhead Component Leak,Fugitive
6/7/2023 12:11,6/7/2023 12:56,2717,Separator,0.5,0.2262,Separator Pneumatic Emissions,Vented
6/7/2023 12:11,6/7/2023 12:56,2717,Well Head,0.9,0.4473,Wellhead Component Leak,Fugitive
6/7/2023 12:11,6/7/2023 12:56,2715,Well Head,0.6,1.6718,Wellhead Component Leak,Fugitive
6/7/2023 12:11,6/7/2023 12:56,2715,Separator,1.5,0.3789,Separator Component Leak,Fugitive
6/7/2023 12:57,6/7/2023 13:34,2230,Well Head,1.3,0.1104,Wellhead Component Leak,Fugitive
6/7/2023 12:57,6/7/2023 13:34,2230,Separator,2.2,0.1533,Separator Pneumatic Emissions,Vented
6/7/2023 13:34,6/7/2023 13:38,241,Separator,3.5,0.5313,Separator Component Leak,Fugitive
6/7/2023 13:39,6/7/2023 13:43,241,Tank,5.4,0.6556,Tank Thief Hatch Leak,Fugitive
6/7/2023 13:44,6/7/2023 13:48,241,Well Head,2.1,0.1667,Wellhead Component Leak,Fugitive
6/7/2023 13:48,6/7/2023 14:05,1005,Well Head,2.1,0.1667,Wellhead Component Leak,Fugitive
6/7/2023 13:48,6/7/2023 14:05,1005,Separator,3.5,0.5313,Separator Component Leak,Fugitive
6/7/2023 13:48,6/7/2023 14:05,1005,Tank,5.4,0.6556,Tank Thief Hatch Leak,Fugitive
6/7/2023 14:06,6/7/2023 14:10,241,Separator,3.6,0.5344,Separator Component Leak,Fugitive
6/7/2023 14:11,6/7/2023 14:15,239,Tank,4.8,0.6573,Tank Thief Hatch Leak,Fugitive
6/7/2023 14:15,6/7/2023 15:02,2859,Separator,3.6,0.5344,Separator Component Leak,Fugitive
6/7/2023 14:15,6/7/2023 15:02,2859,Tank,4.8,0.6573,Tank Thief Hatch Leak,Fugitive
6/7/2023 14:15,6/7/2023 15:02,2858,Well Head,1.1,0.4595,Wellhead Component Leak,Fugitive
6/8/2023 9:42,6/8/2023 9:45,179,Separator,2.6,0.7649,Separator Component Leak,Fugitive
6/8/2023 9:46,6/8/2023 9:49,180,Well Head,2.3,0.4711,Wellhead Component Leak,Fugitive
6/8/2023 9:49,6/8/2023 10:05,936,Well Head,2.3,0.4711,Wellhead Component Leak,Fugitive
6/8/2023 9:49,6/8/2023 10:05,936,Separator,2.6,0.7649,Separator Component Leak,Fugitive
6/8/2023 10:09,6/8/2023 10:13,241,Separator,3.1,2.0183,Separator Component Leak,Fugitive
6/8/2023 10:09,6/8/2023 10:13,240,Separator,0.8,0.3414,Separator Component Leak,Fugitive
6/8/2023 10:14,6/8/2023 10:18,240,Well Head,1.1,0.4059,Wellhead Component Leak,Fugitive
6/8/2023 10:14,6/8/2023 10:18,240,Tank,5.5,0.2794,Tank Thief Hatch Leak,Fugitive
6/8/2023 10:18,6/8/2023 10:57,2354,Separator,0.8,0.3414,Separator Component Leak,Fugitive
6/8/2023 10:18,6/8/2023 10:57,2354,Well Head,1.1,0.4059,Wellhead Component Leak,Fugitive
6/8/2023 10:18,6/8/2023 10:57,2354,Separator,3.1,2.0183,Separator Component Leak,Fugitive
6/8/2023 10:18,6/8/2023 10:57,2354,Tank,5.5,0.2794,Tank Thief Hatch Leak,Fugitive
6/8/2023 10:58,6/8/2023 11:03,299,Separator,4.3,0.2682,Separator Pneumatic Emissions,Vented
6/8/2023 10:58,6/8/2023 11:03,300,Separator,1.6,0.0767,Separator Pneumatic Emissions,Vented
6/8/2023 11:04,6/8/2023 11:09,301,Tank,3.9,0.1314,Tank Thief Hatch Leak,Fugitive
6/8/2023 11:09,6/8/2023 12:04,3335,Separator,4.3,0.2673,Separator Pneumatic Emissions,Vented
6/8/2023 11:09,6/8/2023 12:04,3335,Separator,1.6,0.0767,Separator Pneumatic Emissions,Vented
6/8/2023 11:09,6/8/2023 12:04,3335,Tank,3.9,0.1314,Tank Thief Hatch Leak,Fugitive
6/8/2023 12:06,6/8/2023 12:10,240,Separator,0.5,0.3124,Separator Component Leak,Fugitive
6/8/2023 12:06,6/8/2023 12:10,240,Separator,1.5,0.4515,Separator Component Leak,Fugitive
6/8/2023 12:11,6/8/2023 12:15,240,Well Head,0.9,0.3776,Wellhead Component Leak,Fugitive
6/8/2023 12:11,6/8/2023 12:15,240,Well Head,0.6,1.2848,Wellhead Component Leak,Fugitive
6/8/2023 12:15,6/8/2023 12:54,2301,Separator,0.5,0.3124,Separator Component Leak,Fugitive
6/8/2023 12:15,6/8/2023 12:54,2301,Well Head,0.9,0.3776,Wellhead Component Leak,Fugitive
6/8/2023 12:15,6/8/2023 12:54,2300,Well Head,0.6,1.2848,Wellhead Component Leak,Fugitive
6/8/2023 12:15,6/8/2023 12:54,2300,Separator,1.5,0.4515,Separator Component Leak,Fugitive
6/8/2023 12:54,6/8/2023 12:57,180,Well Head,1.8,0.3674,Wellhead Component Leak,Fugitive
6/8/2023 12:58,6/8/2023 13:01,179,Tank,5.4,1.0175,Tank Thief Hatch Leak,Fugitive
6/8/2023 13:01,6/8/2023 13:17,915,Well Head,1.8,0.3674,Wellhead Component Leak,Fugitive
6/8/2023 13:01,6/8/2023 13:17,915,Tank,5.4,1.0175,Tank Thief Hatch Leak,Fugitive
6/8/2023 13:19,6/8/2023 13:23,241,Separator,0.6,1.0687,Separator Component Leak,Fugitive
6/8/2023 13:24,6/8/2023 13:28,240,Well Head,1.1,0.2093,Wellhead Component Leak,Fugitive
6/8/2023 13:28,6/8/2023 14:18,3042,Separator,0.6,1.0687,Separator Component Leak,Fugitive
6/8/2023 13:28,6/8/2023 14:18,3042,Well Head,1.1,0.2093,Wellhead Component Leak,Fugitive
6/8/2023 13:28,6/8/2023 14:18,3041,Tank,4.7,0.2696,Tank Thief Hatch Leak,Fugitive
6/8/2023 15:20,6/8/2023 15:21,32,Tank,0.75,0.0135,Tank Battery Component Leak,Fugitive
6/8/2023 15:21,6/8/2023 15:50,1774,Tank,0.75,0.0736,Tank Thief Hatch Leak,Fugitive
6/8/2023 15:58,6/8/2023 15:58,37,Separator,2,0.0294,Separator Pneumatic Emissions,Vented
6/8/2023 15:58,6/8/2023 15:59,57,Separator,2,0.0294,Separator Pneumatic Emissions,Vented
6/8/2023 15:59,6/8/2023 16:12,787,Separator,2,0.0294,Separator Pneumatic Emissions,Vented
6/8/2023 16:54,6/8/2023 16:54,5,Tank,3.1,0.0239,Tank Battery Component Leak,Fugitive
6/8/2023 16:54,6/8/2023 17:10,936,Tank,3.1,0.0239,Tank Battery Component Leak,Fugitive
6/8/2023 17:10,6/8/2023 17:12,90,Separator,2.9,0.0035,Separator Pneumatic Emissions,Vented
6/8/2023 17:12,6/8/2023 17:25,790,Separator,2.9,0.01,Separator Pneumatic Emissions,Vented
6/9/2023 10:14,6/9/2023 10:33,1181,Tank,4.8,2.6148,Tank Battery Vent Leak,Fugitive
6/9/2023 10:34,6/9/2023 10:35,44,Separator,0.6,2.319,Separator Component Leak,Fugitive
6/9/2023 10:35,6/9/2023 10:35,36,Separator,0.6,1.1998,Separator Component Leak,Fugitive
6/9/2023 10:35,6/9/2023 11:11,2130,Separator,0.6,1.9247,Separator Component Leak,Fugitive
6/9/2023 11:11,6/9/2023 11:30,1146,Separator,3.1,0.8436,Separator Component Leak,Fugitive
6/9/2023 11:30,6/9/2023 11:31,30,Well Head,1.1,0.0466,Wellhead Pneumatic Emissions,Vented
6/9/2023 11:31,6/9/2023 11:51,1174,Well Head,1.1,0.5523,Wellhead Component Leak,Fugitive
6/9/2023 11:51,6/9/2023 12:17,1532,Well Head,0.4,0.2969,Wellhead Component Leak,Fugitive
6/9/2023 12:17,6/9/2023 12:17,12,Tank,4.8,3.8278,Tank Battery Vent Leak,Fugitive
6/9/2023 12:19,6/9/2023 12:47,1681,Separator,0.8,0.1004,Separator Pneumatic Emissions,Vented
6/9/2023 12:48,6/9/2023 13:15,1626,Separator,3.6,0.5674,Separator Component Leak,Fugitive
6/9/2023 13:26,6/9/2023 13:55,1737,Well Head,1.3,0.0828,Wellhead Pneumatic Emissions,Vented
6/9/2023 13:57,6/9/2023 13:57,26,Tank,4.8,3.8278,Tank Battery Vent Leak,Fugitive
6/9/2023 13:57,6/9/2023 13:58,48,Tank,4.8,3.8278,Tank Battery Vent Leak,Fugitive
6/9/2023 13:58,6/9/2023 13:59,17,Tank,4.8,3.8278,Tank Battery Vent Leak,Fugitive
6/9/2023 13:59,6/9/2023 13:59,12,Tank,4.8,3.8278,Tank Battery Vent Leak,Fugitive
6/9/2023 13:59,6/9/2023 13:59,20,Tank,4.8,3.8278,Tank Battery Vent Leak,Fugitive
6/9/2023 13:59,6/9/2023 13:59,4,Tank,4.8,3.8278,Tank Battery Vent Leak,Fugitive
6/9/2023 13:59,6/9/2023 13:59,9,Tank,4.8,4.5112,Tank Battery Vent Leak,Fugitive
6/9/2023 13:59,6/9/2023 14:39,2398,Tank,4.8,4.5112,Tank Battery Vent Leak,Fugitive
6/9/2023 14:40,6/9/2023 14:46,348,Well Head,1.3,0.0494,Wellhead Pneumatic Emissions,Vented
6/9/2023 14:40,6/9/2023 14:46,349,Well Head,1.9,0.0018,Wellhead Pneumatic Emissions,Vented
6/9/2023 14:46,6/9/2023 14:48,129,Well Head,1.3,0.1899,Wellhead Component Leak,Fugitive
6/9/2023 14:46,6/9/2023 14:49,152,Well Head,1.9,0.0021,Wellhead Pneumatic Emissions,Vented
6/9/2023 14:48,6/9/2023 15:28,2363,Well Head,1.3,0.0644,Wellhead Pneumatic Emissions,Vented
6/9/2023 14:49,6/9/2023 14:51,150,Well Head,1.9,0.0017,Wellhead Pneumatic Emissions,Vented
6/9/2023 14:51,6/9/2023 14:53,77,Well Head,1.9,0.1048,Wellhead Component Leak,Fugitive
6/9/2023 14:53,6/9/2023 14:58,315,Well Head,1.9,0.1048,Wellhead Component Leak,Fugitive
6/9/2023 14:58,6/9/2023 15:28,1796,Well Head,1.9,0.0306,Wellhead Pneumatic Emissions,Vented
6/14/2023 9:07,6/14/2023 9:07,36,Well Head,0,0.8183,Wellhead Component Leak,Fugitive
6/14/2023 9:07,6/14/2023 9:15,452,Well Head,0,2.2601,Wellhead Component Leak,Fugitive
6/14/2023 9:15,6/14/2023 9:26,681,Well Head,0,1.3958,Wellhead Component Leak,Fugitive
6/14/2023 9:33,6/14/2023 9:49,961,Tank,4.8,4.5214,Tank Battery Vent Leak,Fugitive
6/14/2023 9:49,6/14/2023 9:57,501,Tank,4.8,2.6347,Tank Battery Vent Leak,Fugitive
6/14/2023 9:57,6/14/2023 9:57,6,Tank,4.8,0.9487,Tank Thief Hatch Leak,Fugitive
6/14/2023 9:58,6/14/2023 10:00,117,Tank,4.8,0.9487,Tank Thief Hatch Leak,Fugitive
6/14/2023 10:00,6/14/2023 10:01,106,Tank,4.8,1.0243,Tank Thief Hatch Leak,Fugitive
6/14/2023 10:08,6/14/2023 10:08,4,Separator,3.6,1.2628,Separator Component Leak,Fugitive
6/14/2023 10:08,6/14/2023 10:09,22,Separator,3.1,3.6071,Separator Component Leak,Fugitive
6/14/2023 10:09,6/14/2023 10:36,1619,Separator,3.1,4.478,Separator Component Leak,Fugitive
6/14/2023 10:10,6/14/2023 10:10,11,Separator,0.6,2.6081,Separator Component Leak,Fugitive
6/14/2023 10:10,6/14/2023 10:10,5,Separator,0.6,1.3474,Separator Component Leak,Fugitive
6/14/2023 10:10,6/14/2023 10:36,1551,Separator,0.6,2.1454,Separator Component Leak,Fugitive
6/14/2023 10:36,6/14/2023 10:47,694,Separator,3.1,2.3905,Separator Component Leak,Fugitive
6/14/2023 10:36,6/14/2023 10:43,454,Separator,0.6,1.3474,Separator Component Leak,Fugitive
6/14/2023 10:51,6/14/2023 10:51,8,Well Head,1.3,2.6278,Wellhead Component Leak,Fugitive
6/14/2023 10:51,6/14/2023 11:13,1276,Well Head,1.3,2.2228,Wellhead Component Leak,Fugitive
6/14/2023 10:57,6/14/2023 11:17,1222,Well Head,0.8,3.3893,Wellhead Component Leak,Fugitive
6/14/2023 11:13,6/14/2023 11:17,293,Well Head,1.3,1.367,Wellhead Component Leak,Fugitive
6/14/2023 11:17,6/14/2023 11:28,627,Well Head,0.8,2.3361,Wellhead Component Leak,Fugitive
6/14/2023 11:30,6/14/2023 11:30,7,Tank,5.5,1.926,Tank Thief Hatch Leak,Fugitive
6/14/2023 11:30,6/14/2023 11:43,749,Tank,5.5,3.4132,Tank Battery Vent Leak,Fugitive
6/14/2023 12:29,6/14/2023 12:45,955,Tank,5.5,3.5199,Tank Battery Vent Leak,Fugitive
6/14/2023 12:31,6/15/2023 2:00,48515,Well Head,0.9,0.4387,Wellhead Component Leak,Fugitive
6/14/2023 12:45,6/14/2023 12:53,500,Tank,5.5,1.926,Tank Thief Hatch Leak,Fugitive
6/14/2023 12:57,6/14/2023 13:21,1431,Well Head,0,2.1924,Wellhead Component Leak,Fugitive
6/14/2023 12:58,6/14/2023 13:30,1932,Separator,1.7,3.7277,Separator Component Leak,Fugitive
6/14/2023 13:21,6/14/2023 13:30,551,Well Head,0,1.3519,Wellhead Component Leak,Fugitive
6/14/2023 13:36,6/14/2023 13:36,8,Separator,3.6,1.2628,Separator Component Leak,Fugitive
6/14/2023 13:38,6/14/2023 13:55,998,Separator,3.6,1.2628,Separator Component Leak,Fugitive
6/14/2023 13:38,6/14/2023 13:55,997,Well Head,0.9,0.9834,Wellhead Component Leak,Fugitive
6/14/2023 14:03,6/14/2023 14:03,11,Well Head,0.6,5.0391,Wellhead Component Leak,Fugitive
6/14/2023 14:03,6/14/2023 14:24,1230,Well Head,0.6,5.0391,Wellhead Component Leak,Fugitive
6/14/2023 14:04,6/14/2023 14:23,1192,Well Head,1.3,2.6278,Wellhead Component Leak,Fugitive
6/14/2023 14:24,6/14/2023 14:28,249,Well Head,1.3,1.3503,Wellhead Component Leak,Fugitive
6/14/2023 14:24,6/14/2023 14:50,1558,Well Head,0.6,3.3948,Wellhead Component Leak,Fugitive
6/14/2023 14:28,6/14/2023 14:43,895,Well Head,0,1.3504,Wellhead Component Leak,Fugitive
6/14/2023 14:50,6/14/2023 15:01,666,Well Head,0.6,2.3417,Wellhead Component Leak,Fugitive
6/14/2023 15:00,6/14/2023 15:15,906,Separator,0.6,1.3166,Separator Component Leak,Fugitive
6/14/2023 15:15,6/14/2023 15:27,718,Separator,0.6,2.6081,Separator Component Leak,Fugitive
6/14/2023 15:17,6/14/2023 15:27,603,Separator,3.1,1.1348,Separator Component Leak,Fugitive
6/14/2023 15:27,6/14/2023 15:38,680,Separator,3.1,3.4487,Separator Component Leak,Fugitive
6/14/2023 15:39,6/14/2023 16:03,1435,Tank,4.6,3.5098,Tank Battery Vent Leak,Fugitive
6/14/2023 16:03,6/14/2023 16:11,477,Tank,4.6,1.6223,Tank Thief Hatch Leak,Fugitive
6/14/2023 16:23,6/14/2023 16:46,1336,Well Head,0.8,4.3281,Wellhead Component Leak,Fugitive
6/14/2023 16:24,6/14/2023 16:25,66,Well Head,1.3,1.2965,Wellhead Component Leak,Fugitive
6/14/2023 16:25,6/14/2023 16:46,1250,Well Head,1.3,2.2014,Wellhead Component Leak,Fugitive
6/15/2023 2:00,6/16/2023 2:00,86403,Well Head,0.9,0.4491,Wellhead Component Leak,Fugitive
6/16/2023 2:00,6/17/2023 2:00,86406,Well Head,0.9,0.7485,Wellhead Component Leak,Fugitive
6/16/2023 9:43,6/16/2023 9:43,40,Well Head,1.1,0.1397,Wellhead Component Leak,Fugitive
6/16/2023 9:44,6/16/2023 9:45,54,Well Head,1.1,1.0278,Wellhead Component Leak,Fugitive
6/16/2023 9:45,6/16/2023 9:51,405,Well Head,1.1,0.6304,Wellhead Component Leak,Fugitive
6/16/2023 10:01,6/16/2023 10:38,2187,Well Head,1.1,0.6324,Wellhead Component Leak,Fugitive
6/16/2023 10:38,6/16/2023 10:59,1281,Well Head,1.1,0.7673,Wellhead Component Leak,Fugitive
6/16/2023 10:59,6/16/2023 11:25,1570,Well Head,1.1,0.8998,Wellhead Component Leak,Fugitive
6/16/2023 11:25,6/16/2023 11:52,1607,Well Head,1.1,1.0501,Wellhead Component Leak,Fugitive
6/16/2023 13:02,6/16/2023 13:29,1600,Well Head,1.1,1.0471,Wellhead Component Leak,Fugitive
6/16/2023 13:52,6/16/2023 13:54,91,Tank,4.8,1.0204,Tank Thief Hatch Leak,Fugitive
6/16/2023 13:54,6/16/2023 14:00,350,Tank,4.6,2.6665,Tank Battery Vent Leak,Fugitive
6/16/2023 14:17,6/16/2023 14:30,775,Tank,4.6,1.6684,Tank Thief Hatch Leak,Fugitive
6/16/2023 14:30,6/16/2023 14:40,621,Tank,4.6,1.0577,Tank Thief Hatch Leak,Fugitive
6/16/2023 14:54,6/16/2023 14:55,15,Separator,1.2,0.0953,Separator Pneumatic Emissions,Vented
6/16/2023 14:55,6/16/2023 15:20,1550,Separator,1.2,0.2392,Separator Pneumatic Emissions,Vented
6/16/2023 15:20,6/16/2023 15:48,1624,Separator,1.2,0.5627,Separator Component Leak,Fugitive
6/16/2023 15:48,6/16/2023 15:48,30,Separator,1.2,0.5195,Separator Component Leak,Fugitive
6/16/2023 15:48,6/16/2023 15:52,221,Separator,1.2,0.372,Separator Component Leak,Fugitive
6/16/2023 16:10,6/16/2023 16:32,1374,Separator,0.8,0.3771,Separator Component Leak,Fugitive
6/16/2023 16:32,6/16/2023 17:01,1686,Separator,0.8,0.1891,Separator Pneumatic Emissions,Vented
6/16/2023 17:01,6/16/2023 17:10,586,Separator,1.2,0.0953,Separator Pneumatic Emissions,Vented
6/17/2023 2:00,6/18/2023 2:00,86391,Well Head,0.9,0.9341,Wellhead Component Leak,Fugitive
6/18/2023 2:00,6/19/2023 2:00,86402,Well Head,0.9,0.7656,Wellhead Component Leak,Fugitive
6/19/2023 2:00,6/19/2023 9:05,25553,Well Head,0.9,0.0183,Wellhead Pneumatic Emissions,Vented
6/21/2023 9:36,6/21/2023 9:37,43,Well Head,0.9,0.087,Wellhead Pneumatic Emissions,Vented
6/21/2023 9:37,6/21/2023 9:38,59,Well Head,0.9,0.414,Wellhead Component Leak,Fugitive
6/21/2023 9:38,6/22/2023 2:00,58888,Well Head,0.9,0.4372,Wellhead Component Leak,Fugitive
6/21/2023 9:41,6/21/2023 9:43,160,Well Head,1.3,2.6109,Wellhead Component Leak,Fugitive
6/21/2023 9:43,6/21/2023 9:44,39,Well Head,1.3,2.611,Wellhead Component Leak,Fugitive
6/21/2023 9:44,6/21/2023 9:44,35,Well Head,1.3,1.4212,Wellhead Component Leak,Fugitive
6/21/2023 9:44,6/21/2023 9:45,8,Well Head,1.3,1.4212,Wellhead Component Leak,Fugitive
6/21/2023 9:45,6/21/2023 9:45,6,Well Head,1.3,1.4212,Wellhead Component Leak,Fugitive
6/21/2023 9:45,6/21/2023 9:45,6,Well Head,1.3,1.4212,Wellhead Component Leak,Fugitive
6/21/2023 9:45,6/21/2023 9:45,18,Well Head,1.3,1.4212,Wellhead Component Leak,Fugitive
6/21/2023 9:45,6/21/2023 9:55,592,Well Head,1.3,1.4212,Wellhead Component Leak,Fugitive
6/21/2023 10:04,6/21/2023 10:05,91,Separator,0.6,1.3145,Separator Component Leak,Fugitive
6/21/2023 10:12,6/21/2023 10:16,251,Tank,5.4,1.7432,Tank Thief Hatch Leak,Fugitive
6/21/2023 10:16,6/21/2023 10:17,27,Tank,5.5,1.0339,Tank Thief Hatch Leak,Fugitive
6/21/2023 10:17,6/21/2023 10:22,279,Tank,5.5,3.5396,Tank Battery Vent Leak,Fugitive
6/22/2023 2:00,6/23/2023 2:00,86394,Well Head,0.9,0.4288,Wellhead Component Leak,Fugitive
6/23/2023 2:00,6/24/2023 2:00,86400,Well Head,0.9,0.4219,Wellhead Component Leak,Fugitive
6/24/2023 2:00,6/25/2023 2:00,86403,Well Head,0.9,0.4236,Wellhead Component Leak,Fugitive
6/25/2023 2:00,6/25/2023 12:29,37755,Well Head,0.9,0.8053,Wellhead Component Leak,Fugitive
6/28/2023 9:02,6/28/2023 9:44,2559,Well Head,1.9,0.0121,Wellhead Pneumatic Emissions,Vented
6/28/2023 9:44,6/28/2023 10:10,1525,Well Head,1.9,0.0333,Wellhead Pneumatic Emissions,Vented
6/28/2023 10:10,6/28/2023 10:42,1962,Well Head,1.9,0.0122,Wellhead Pneumatic Emissions,Vented
6/28/2023 10:42,6/28/2023 10:58,936,Well Head,1.9,0.0332,Wellhead Pneumatic Emissions,Vented
6/28/2023 10:58,6/28/2023 10:59,57,Well Head,1.9,0.038,Wellhead Pneumatic Emissions,Vented
6/28/2023 10:59,6/28/2023 12:43,6228,Well Head,1.9,0.048,Wellhead Pneumatic Emissions,Vented
6/28/2023 12:43,6/28/2023 14:29,6399,Well Head,1.9,0.064,Wellhead Pneumatic Emissions,Vented
6/28/2023 14:30,6/28/2023 14:33,193,Tank,3,0.0412,Tank Battery Component Leak,Fugitive
6/28/2023 14:39,6/28/2023 14:40,42,Well Head,1.9,0.0651,Wellhead Pneumatic Emissions,Vented
6/28/2023 14:40,6/28/2023 15:52,4338,Well Head,1.9,0.1326,Wellhead Component Leak,Fugitive
6/28/2023 15:53,6/28/2023 16:46,3203,Tank,3,0.0238,Tank Battery Component Leak,Fugitive
6/29/2023 8:55,6/29/2023 9:57,3698,Tank,3,0.0265,Tank Battery Component Leak,Fugitive
6/29/2023 9:57,6/29/2023 9:57,40,Tank,3,0.0667,Tank Thief Hatch Leak,Fugitive
6/29/2023 9:58,6/29/2023 11:34,5760,Tank,3,0.1595,Tank Thief Hatch Leak,Fugitive
6/29/2023 11:35,6/29/2023 11:35,31,Well Head,0,0.0043,Wellhead Component Leak,Fugitive
6/29/2023 11:35,6/29/2023 12:58,4955,Well Head,1.3,0.8257,Wellhead Component Leak,Fugitive
6/29/2023 12:58,6/29/2023 13:01,195,Well Head,1.3,1.2775,Wellhead Component Leak,Fugitive
6/29/2023 14:03,6/29/2023 14:03,22,Tank,4.7,0.1538,Tank Thief Hatch Leak,Fugitive
6/29/2023 14:03,6/29/2023 14:04,27,Tank,4.8,0.6605,Tank Thief Hatch Leak,Fugitive
6/29/2023 14:04,6/29/2023 15:02,3523,Tank,4.8,0.9753,Tank Thief Hatch Leak,Fugitive
6/29/2023 15:03,6/29/2023 15:04,54,Separator,2.3,0.124,Separator Pneumatic Emissions,Vented
6/29/2023 15:04,6/29/2023 16:32,5288,Separator,2.3,0.0789,Separator Pneumatic Emissions,Vented
6/30/2023 16:26,6/30/2023 19:26,10800,Separator,1.3,0.1071,Separator Pneumatic Emissions,Vented
6/30/2023 20:26,6/30/2023 22:26,7200,Well Head,1.1,0.1012,Wellhead Component Leak,Fugitive
6/30/2023 23:26,7/1/2023 2:00,9221,Well Head,0,0.0992,Wellhead Component Leak,Fugitive
7/1/2023 2:00,7/1/2023 4:26,8779,Well Head,0,0.0994,Wellhead Component Leak,Fugitive
7/1/2023 5:26,7/1/2023 8:26,10800,Well Head,0,0.0982,Wellhead Component Leak,Fugitive
7/1/2023 9:26,7/1/2023 11:26,7200,Separator,1.3,0.1051,Separator Pneumatic Emissions,Vented
7/1/2023 12:26,7/1/2023 13:56,5400,Well Head,1.1,0.0982,Wellhead Pneumatic Emissions,Vented
7/1/2023 14:26,7/1/2023 17:26,10800,Separator,1.2,0.1074,Separator Pneumatic Emissions,Vented
7/1/2023 17:56,7/1/2023 21:56,14400,Well Head,0.75,0.0904,Wellhead Pneumatic Emissions,Vented
7/1/2023 22:26,7/2/2023 1:26,10800,Separator,1.3,0.075,Separator Pneumatic Emissions,Vented
7/2/2023 2:26,7/2/2023 6:26,14400,Separator,1.2,0.1096,Separator Pneumatic Emissions,Vented
7/2/2023 7:26,7/2/2023 10:26,10800,Well Head,1.1,0.0986,Wellhead Pneumatic Emissions,Vented
7/2/2023 11:26,7/2/2023 13:56,9000,Separator,1.2,0.1076,Separator Pneumatic Emissions,Vented
7/2/2023 13:56,7/2/2023 14:56,3600,Separator,1.2,0.1072,Separator Pneumatic Emissions,Vented
7/2/2023 14:56,7/2/2023 15:26,1800,Separator,1.2,0.1072,Separator Pneumatic Emissions,Vented
7/2/2023 15:26,7/2/2023 16:56,5400,Separator,1.3,0.1054,Separator Pneumatic Emissions,Vented
7/2/2023 17:56,7/2/2023 19:56,7200,Separator,1.2,0.1083,Separator Pneumatic Emissions,Vented
7/2/2023 20:26,7/2/2023 22:26,7200,Well Head,1.1,0.1021,Wellhead Component Leak,Fugitive
7/2/2023 22:56,7/3/2023 2:00,11025,Separator,1.3,0.108,Separator Pneumatic Emissions,Vented
7/3/2023 2:00,7/3/2023 3:56,6974,Separator,1.3,0.1085,Separator Pneumatic Emissions,Vented
7/3/2023 4:26,7/3/2023 5:26,3600,Well Head,0.75,0.0913,Wellhead Pneumatic Emissions,Vented
7/3/2023 5:56,7/3/2023 7:26,5400,Separator,1.3,0.1073,Separator Pneumatic Emissions,Vented
7/3/2023 8:26,7/3/2023 10:26,7200,Separator,0.5,0.0619,Separator Pneumatic Emissions,Vented
7/3/2023 11:26,7/3/2023 14:26,10800,Separator,1.3,0.1051,Separator Pneumatic Emissions,Vented
7/3/2023 14:56,7/3/2023 16:56,7200,Well Head,1.1,0.099,Wellhead Pneumatic Emissions,Vented
7/3/2023 17:26,7/3/2023 21:26,14400,Well Head,0,0.0996,Wellhead Component Leak,Fugitive
7/3/2023 22:26,7/4/2023 2:00,12828,Well Head,1.5,0.066,Wellhead Pneumatic Emissions,Vented
7/4/2023 2:00,7/4/2023 3:26,5172,Well Head,1.5,0.0659,Wellhead Pneumatic Emissions,Vented
7/4/2023 4:26,7/4/2023 6:26,7200,Separator,1.2,0.1095,Separator Pneumatic Emissions,Vented
7/4/2023 6:56,7/4/2023 7:56,3600,Separator,1.3,0.072,Separator Pneumatic Emissions,Vented
7/4/2023 8:26,7/4/2023 13:26,18000,Well Head,0,0.0985,Wellhead Component Leak,Fugitive
7/4/2023 14:26,7/4/2023 15:26,3600,Well Head,1.1,0.1007,Wellhead Component Leak,Fugitive
7/4/2023 15:56,7/4/2023 20:56,18000,Well Head,0,0.1002,Wellhead Component Leak,Fugitive
7/10/2023 9:48,7/10/2023 9:49,47,Separator,2.2,0.0105,Separator Pneumatic Emissions,Vented
7/10/2023 9:48,7/10/2023 9:49,53,Well Head,1.1,2.2281,Wellhead Component Leak,Fugitive
7/10/2023 9:49,7/10/2023 9:49,53,Separator,2.2,0.0105,Separator Pneumatic Emissions,Vented
7/10/2023 9:49,7/10/2023 9:50,29,Well Head,1.1,2.4541,Wellhead Component Leak,Fugitive
7/10/2023 9:54,7/10/2023 10:39,2757,Separator,2.2,1.7814,Separator Component Leak,Fugitive
7/10/2023 9:54,7/10/2023 10:39,2737,Well Head,1.1,0.4814,Wellhead Component Leak,Fugitive
7/10/2023 9:56,7/10/2023 10:55,3557,Well Head,1.3,5.2599,Wellhead Component Leak,Fugitive
7/10/2023 11:00,7/10/2023 11:01,21,Tank,5.4,4.3641,Tank Battery Vent Leak,Fugitive
7/10/2023 11:01,7/10/2023 11:01,21,Tank,5.4,4.6881,Tank Battery Vent Leak,Fugitive
7/10/2023 11:10,7/10/2023 12:15,3858,Well Head,1.3,5.2332,Wellhead Component Leak,Fugitive
7/10/2023 11:12,7/10/2023 12:15,3796,Tank,5.4,4.3217,Tank Battery Vent Leak,Fugitive
7/10/2023 12:42,7/10/2023 13:16,2035,Well Head,1.3,5.1458,Wellhead Component Leak,Fugitive
7/10/2023 12:42,7/10/2023 13:46,3827,Tank,5.4,4.2839,Tank Battery Vent Leak,Fugitive
7/10/2023 13:21,7/10/2023 13:44,1402,Well Head,1.3,5.1522,Wellhead Component Leak,Fugitive
7/10/2023 13:56,7/10/2023 15:01,3887,Separator,2.5,0.4496,Separator Component Leak,Fugitive
7/10/2023 13:57,7/10/2023 14:52,3315,Tank,5.4,4.2962,Tank Battery Vent Leak,Fugitive
7/10/2023 15:10,7/10/2023 16:22,4291,Separator,2.5,0.4541,Separator Component Leak,Fugitive
7/10/2023 15:11,7/10/2023 16:22,4270,Separator,2.2,1.7627,Separator Component Leak,Fugitive
7/10/2023 15:11,7/10/2023 16:22,4243,Well Head,1.1,0.4814,Wellhead Component Leak,Fugitive
7/11/2023 8:17,7/11/2023 9:14,3418,Separator,2.5,0.4591,Separator Component Leak,Fugitive
7/11/2023 8:17,7/11/2023 9:35,4667,Separator,2.2,1.8226,Separator Component Leak,Fugitive
7/11/2023 8:18,7/11/2023 9:35,4641,Well Head,1.1,0.4862,Wellhead Component Leak,Fugitive
7/11/2023 9:43,7/11/2023 10:24,2415,Separator,0.6,4.5073,Separator Component Leak,Fugitive
7/11/2023 9:46,7/11/2023 9:46,23,Well Head,1.1,0.0991,Wellhead Pneumatic Emissions,Vented
7/11/2023 9:46,7/11/2023 10:47,3660,Well Head,1.1,0.4805,Wellhead Component Leak,Fugitive
7/11/2023 10:51,7/11/2023 13:13,8541,Well Head,1.1,0.4767,Wellhead Component Leak,Fugitive
7/11/2023 10:52,7/11/2023 13:14,8516,Separator,0.6,4.4438,Separator Component Leak,Fugitive
7/11/2023 13:20,7/11/2023 14:29,4172,Tank,4.4,1.7036,Tank Thief Hatch Leak,Fugitive
7/11/2023 13:20,7/11/2023 14:11,3037,Well Head,1.3,0.4213,Wellhead Component Leak,Fugitive
7/11/2023 13:27,7/11/2023 13:28,53,Compressor,2.2,1.98,Driver exhaust,Combustion
7/11/2023 13:28,7/11/2023 14:30,3679,Compressor,2.2,5.1736,Compressor Rod Packing Large Emitter,Fugitive
7/11/2023 14:42,7/11/2023 16:56,8018,Tank,4.4,1.679,Tank Thief Hatch Leak,Fugitive
7/11/2023 14:42,7/11/2023 16:55,7998,Well Head,1.3,0.4237,Wellhead Component Leak,Fugitive
7/11/2023 14:43,7/11/2023 16:56,7971,Compressor,2.2,5.2511,Compressor Rod Packing Large Emitter,Fugitive
7/12/2023 8:16,7/12/2023 8:47,1884,Separator,2.5,0.4602,Separator Component Leak,Fugitive
7/12/2023 8:16,7/12/2023 8:47,1858,Separator,2.2,1.8299,Separator Component Leak,Fugitive
7/12/2023 8:16,7/12/2023 8:17,58,Well Head,1.1,0.506,Wellhead Component Leak,Fugitive
7/13/2023 7:53,7/13/2023 7:54,27,Well Head,0,0.5558,Wellhead Component Leak,Fugitive
7/13/2023 8:06,7/13/2023 8:07,39,Separator,0.6,1.5418,Separator Component Leak,Fugitive
7/13/2023 8:07,7/13/2023 8:08,57,Separator,0.8,1.2071,Separator Component Leak,Fugitive
7/13/2023 8:08,7/13/2023 9:31,4973,Separator,0.6,1.8386,Separator Component Leak,Fugitive
7/13/2023 8:14,7/13/2023 9:31,4584,Well Head,1.3,0.4284,Wellhead Component Leak,Fugitive
7/13/2023 8:15,7/13/2023 12:00,13508,Well Head,1.1,0.4835,Wellhead Component Leak,Fugitive
7/13/2023 9:37,7/13/2023 10:49,4286,Well Head,1.3,5.2753,Wellhead Component Leak,Fugitive
7/13/2023 10:50,7/13/2023 12:00,4220,Separator,0.6,1.7816,Separator Component Leak,Fugitive
7/13/2023 10:51,7/13/2023 12:00,4175,Well Head,1.3,0.4242,Wellhead Component Leak,Fugitive
7/13/2023 12:01,7/13/2023 12:01,31,Well Head,1.3,4.9914,Wellhead Component Leak,Fugitive
7/13/2023 12:13,7/13/2023 13:12,3542,Well Head,1.3,5.203,Wellhead Component Leak,Fugitive
7/13/2023 12:13,7/13/2023 12:57,2633,Compressor,2.2,6.6806,Compressor Rod Packing Large Emitter,Fugitive
7/13/2023 13:27,7/13/2023 14:19,3097,Compressor,2.2,6.7184,Compressor Rod Packing Large Emitter,Fugitive
7/13/2023 13:28,7/13/2023 14:22,3268,Well Head,1.3,5.2033,Wellhead Component Leak,Fugitive
7/13/2023 14:52,7/13/2023 15:47,3336,Well Head,1.3,5.2079,Wellhead Component Leak,Fugitive
7/13/2023 14:52,7/13/2023 15:54,3707,Compressor,2.2,6.7541,Compressor Rod Packing Large Emitter,Fugitive
7/14/2023 8:15,7/14/2023 8:15,31,Well Head,1.3,6.195,Wellhead Component Leak,Fugitive
7/14/2023 8:20,7/14/2023 9:08,2892,Tank,4.4,1.7811,Tank Thief Hatch Leak,Fugitive
7/14/2023 8:20,7/14/2023 9:27,3984,Tank,5.4,4.421,Tank Battery Vent Leak,Fugitive
7/14/2023 9:33,7/14/2023 10:19,2741,Tank,5.4,4.4009,Tank Battery Vent Leak,Fugitive
7/14/2023 9:33,7/14/2023 11:53,8350,Tank,4.4,1.772,Tank Thief Hatch Leak,Fugitive
7/14/2023 10:56,7/14/2023 11:59,3818,Tank,5.4,4.3443,Tank Battery Vent Leak,Fugitive
7/14/2023 12:17,7/14/2023 13:09,3141,Well Head,2.1,0.161,Wellhead Component Leak,Fugitive
7/14/2023 12:18,7/14/2023 13:12,3209,Well Head,0,3.1928,Wellhead Component Leak,Fugitive
7/14/2023 13:25,7/14/2023 15:42,8227,Well Head,0,3.1842,Wellhead Component Leak,Fugitive
7/14/2023 13:26,7/14/2023 14:16,3052,Well Head,2.1,0.1632,Wellhead Component Leak,Fugitive
7/14/2023 14:34,7/14/2023 15:42,4123,Well Head,2.1,0.1648,Wellhead Component Leak,Fugitive
7/17/2023 8:20,7/17/2023 8:22,104,Well Head,1.8,0.059,Wellhead Pneumatic Emissions,Vented
7/17/2023 8:20,7/17/2023 8:20,5,Separator,2.2,0.2555,Separator Pneumatic Emissions,Vented
7/17/2023 8:20,7/17/2023 8:21,29,Separator,2.2,0.2555,Separator Pneumatic Emissions,Vented
7/17/2023 8:21,7/17/2023 8:22,49,Separator,2.2,0.2555,Separator Pneumatic Emissions,Vented
7/17/2023 9:04,7/17/2023 10:00,3316,Tank,4.7,2.1513,Tank Battery Vent Leak,Fugitive
7/17/2023 9:04,7/17/2023 9:38,2020,Separator,3.5,0.7105,Separator Component Leak,Fugitive
7/17/2023 9:05,7/17/2023 9:44,2379,Separator,2.5,0.1028,Separator Pneumatic Emissions,Vented
7/17/2023 9:48,7/17/2023 10:00,689,Separator,2.5,0.2006,Separator Pneumatic Emissions,Vented
7/17/2023 9:55,7/17/2023 10:00,266,Separator,3.5,0.7035,Separator Component Leak,Fugitive
7/17/2023 10:00,7/17/2023 10:04,284,Tank,4.7,2.1421,Tank Battery Vent Leak,Fugitive
7/17/2023 10:00,7/17/2023 10:20,1228,Separator,2.5,0.2004,Separator Pneumatic Emissions,Vented
7/17/2023 10:00,7/17/2023 10:28,1713,Separator,3.5,0.6989,Separator Component Leak,Fugitive
7/17/2023 10:04,7/17/2023 10:47,2572,Tank,4.7,2.1366,Tank Battery Vent Leak,Fugitive
7/17/2023 10:05,7/17/2023 10:06,28,Well Head,0,0.2392,Wellhead Component Leak,Fugitive
7/17/2023 10:06,7/17/2023 10:07,71,Well Head,0,0.2593,Wellhead Component Leak,Fugitive
7/17/2023 10:07,7/17/2023 10:08,56,Well Head,0,0.2594,Wellhead Component Leak,Fugitive
7/17/2023 10:08,7/17/2023 10:08,8,Well Head,1.1,0.2115,Wellhead Component Leak,Fugitive
7/17/2023 10:08,7/17/2023 10:10,99,Well Head,1.1,0.2061,Wellhead Component Leak,Fugitive
7/17/2023 10:10,7/17/2023 10:12,110,Well Head,1.1,0.1173,Wellhead Component Leak,Fugitive
7/17/2023 10:43,7/17/2023 10:48,300,Separator,1.6,0.0934,Separator Pneumatic Emissions,Vented
7/17/2023 10:43,7/17/2023 10:48,300,Well Head,2.1,0.6337,Wellhead Component Leak,Fugitive
7/17/2023 10:43,7/17/2023 10:48,300,Separator,3.5,0.4713,Separator Component Leak,Fugitive
7/17/2023 10:43,7/17/2023 10:48,300,Well Head,2.1,0.0883,Wellhead Pneumatic Emissions,Vented
7/17/2023 10:47,7/17/2023 10:52,300,Separator,1.2,0.1443,Separator Pneumatic Emissions,Vented
7/17/2023 10:47,7/17/2023 10:52,300,Separator,3.6,0.63,Separator Component Leak,Fugitive
7/17/2023 10:49,7/17/2023 10:54,301,Well Head,1.5,0.0037,Wellhead Pneumatic Emissions,Vented
7/17/2023 10:49,7/17/2023 10:54,301,Tank,5.4,2.5999,Tank Battery Vent Leak,Fugitive
7/17/2023 10:53,7/17/2023 10:58,300,Well Head,0,0.2425,Wellhead Component Leak,Fugitive
7/17/2023 10:53,7/17/2023 10:58,300,Well Head,0.4,0.6896,Wellhead Component Leak,Fugitive
7/17/2023 10:54,7/17/2023 12:24,5424,Well Head,1.5,0.0037,Wellhead Pneumatic Emissions,Vented
7/17/2023 10:54,7/17/2023 12:24,5424,Separator,1.6,0.0934,Separator Pneumatic Emissions,Vented
7/17/2023 10:54,7/17/2023 12:24,5424,Well Head,2.1,0.6304,Wellhead Component Leak,Fugitive
7/17/2023 10:54,7/17/2023 11:09,864,Well Head,2.1,0.0899,Wellhead Pneumatic Emissions,Vented
7/17/2023 10:54,7/17/2023 11:09,862,Separator,3.5,0.4713,Separator Component Leak,Fugitive
7/17/2023 10:54,7/17/2023 11:09,862,Tank,5.4,2.5999,Tank Battery Vent Leak,Fugitive
7/17/2023 10:58,7/17/2023 11:55,3387,Well Head,0,0.2425,Wellhead Component Leak,Fugitive
7/17/2023 10:58,7/17/2023 11:55,3387,Well Head,0.4,0.6896,Wellhead Component Leak,Fugitive
7/17/2023 10:58,7/17/2023 11:55,3387,Separator,1.2,0.1443,Separator Pneumatic Emissions,Vented
7/17/2023 10:58,7/17/2023 11:55,3387,Separator,3.6,0.63,Separator Component Leak,Fugitive
7/17/2023 11:09,7/17/2023 11:24,871,Separator,3.5,0.6784,Separator Component Leak,Fugitive
7/17/2023 11:57,7/17/2023 12:32,2099,Well Head,1.1,0.6641,Wellhead Component Leak,Fugitive
7/17/2023 11:57,7/17/2023 12:32,2099,Separator,3.5,0.5177,Separator Component Leak,Fugitive
7/17/2023 12:25,7/17/2023 12:30,300,Separator,1.6,0.093,Separator Pneumatic Emissions,Vented
7/17/2023 12:25,7/17/2023 12:30,300,Well Head,2.1,0.628,Wellhead Component Leak,Fugitive
7/17/2023 12:31,7/17/2023 12:36,301,Well Head,1.5,0.073,Wellhead Pneumatic Emissions,Vented
7/17/2023 12:34,7/17/2023 12:39,300,Separator,1.2,0.1448,Separator Pneumatic Emissions,Vented
7/17/2023 12:34,7/17/2023 12:39,300,Separator,3.6,0.6236,Separator Component Leak,Fugitive
7/17/2023 12:36,7/17/2023 12:52,962,Well Head,2.1,0.6274,Wellhead Component Leak,Fugitive
7/17/2023 12:36,7/17/2023 12:52,960,Well Head,1.5,0.073,Wellhead Pneumatic Emissions,Vented
7/17/2023 12:36,7/17/2023 12:52,960,Separator,1.6,0.093,Separator Pneumatic Emissions,Vented
7/17/2023 12:40,7/17/2023 12:45,300,Well Head,0.4,0.675,Wellhead Component Leak,Fugitive
7/17/2023 12:40,7/17/2023 12:45,300,Well Head,0,0.2424,Wellhead Component Leak,Fugitive
7/17/2023 12:45,7/17/2023 13:45,3600,Well Head,0.4,0.675,Wellhead Component Leak,Fugitive
7/17/2023 12:45,7/17/2023 13:45,3600,Separator,3.6,0.6236,Separator Component Leak,Fugitive
7/17/2023 12:45,7/17/2023 13:45,3599,Well Head,0,0.2424,Wellhead Component Leak,Fugitive
7/17/2023 12:45,7/17/2023 13:45,3599,Separator,1.2,0.1448,Separator Pneumatic Emissions,Vented
7/17/2023 12:53,7/17/2023 12:56,181,Well Head,1,0.3636,Wellhead Component Leak,Fugitive
7/17/2023 12:53,7/17/2023 12:56,180,Tank,5.9,1.8336,Tank Thief Hatch Leak,Fugitive
7/17/2023 12:57,7/17/2023 13:00,180,Well Head,2,0.8592,Wellhead Component Leak,Fugitive
7/17/2023 13:00,7/17/2023 13:13,781,Tank,5.9,1.8648,Tank Thief Hatch Leak,Fugitive
7/17/2023 13:00,7/17/2023 13:13,781,Well Head,1,0.3636,Wellhead Component Leak,Fugitive
7/17/2023 13:00,7/17/2023 13:13,781,Well Head,2,0.8592,Wellhead Component Leak,Fugitive
7/17/2023 13:13,7/17/2023 13:18,300,Separator,1.5,0.1981,Separator Pneumatic Emissions,Vented
7/17/2023 13:13,7/17/2023 13:18,299,Separator,2,0.5576,Separator Component Leak,Fugitive
7/17/2023 13:20,7/17/2023 13:37,1037,Separator,2.2,0.4759,Separator Component Leak,Fugitive
7/17/2023 13:20,7/17/2023 13:37,1038,Well Head,1.5,0.073,Wellhead Pneumatic Emissions,Vented
7/17/2023 13:38,7/17/2023 13:56,1097,Separator,2.5,0.1968,Separator Pneumatic Emissions,Vented
7/17/2023 13:45,7/17/2023 14:45,3600,Well Head,0,0.2424,Wellhead Component Leak,Fugitive
7/17/2023 13:45,7/17/2023 14:45,3600,Separator,1.2,0.1439,Separator Pneumatic Emissions,Vented
7/17/2023 13:45,7/17/2023 14:45,3601,Well Head,0.4,0.675,Wellhead Component Leak,Fugitive
7/17/2023 13:45,7/17/2023 14:45,3601,Separator,3.6,0.61,Separator Component Leak,Fugitive
7/17/2023 13:57,7/17/2023 14:00,179,Separator,3.5,0.4586,Separator Component Leak,Fugitive
7/17/2023 13:57,7/17/2023 14:00,180,Well Head,2.1,0.0932,Wellhead Pneumatic Emissions,Vented
7/17/2023 14:01,7/17/2023 14:04,181,Tank,5.4,1.8888,Tank Thief Hatch Leak,Fugitive
7/17/2023 14:04,7/17/2023 14:52,2870,Well Head,2.1,0.0961,Wellhead Pneumatic Emissions,Vented
7/17/2023 14:04,7/17/2023 14:52,2870,Separator,3.5,0.4586,Separator Component Leak,Fugitive
7/17/2023 14:04,7/17/2023 14:52,2870,Tank,5.4,1.8888,Tank Thief Hatch Leak,Fugitive
7/17/2023 14:18,7/17/2023 14:21,180,Separator,2,0.4755,Separator Component Leak,Fugitive
7/17/2023 14:18,7/17/2023 14:21,181,Separator,1.5,0.0526,Separator Pneumatic Emissions,Vented
7/17/2023 14:22,7/17/2023 14:25,179,Tank,1.05,0.3596,Tank Thief Hatch Leak,Fugitive
7/17/2023 14:22,7/17/2023 14:25,179,Tank,4.4,0.1737,Tank Thief Hatch Leak,Fugitive
7/17/2023 14:26,7/17/2023 14:29,180,Well Head,1.9,0.0234,Wellhead Pneumatic Emissions,Vented
7/17/2023 14:26,7/17/2023 14:29,179,Well Head,0.95,0.5546,Wellhead Component Leak,Fugitive
7/17/2023 14:29,7/17/2023 14:43,869,Well Head,0.95,0.5546,Wellhead Component Leak,Fugitive
7/17/2023 14:29,7/17/2023 14:43,869,Tank,1.05,0.3596,Tank Thief Hatch Leak,Fugitive
7/17/2023 14:29,7/17/2023 14:43,869,Separator,1.5,0.0526,Separator Pneumatic Emissions,Vented
7/17/2023 14:29,7/17/2023 14:43,869,Well Head,1.9,0.0234,Wellhead Pneumatic Emissions,Vented
7/17/2023 14:29,7/17/2023 14:43,869,Separator,2,0.4755,Separator Component Leak,Fugitive
7/17/2023 14:29,7/17/2023 14:43,869,Tank,4.4,0.1737,Tank Thief Hatch Leak,Fugitive
7/17/2023 14:48,7/17/2023 14:50,120,Separator,4.3,0.9481,Separator Component Leak,Fugitive
7/17/2023 14:48,7/17/2023 14:50,120,Separator,2.1,0.2525,Separator Pneumatic Emissions,Vented
7/17/2023 14:49,7/17/2023 14:54,300,Separator,1.2,0.1439,Separator Pneumatic Emissions,Vented
7/17/2023 14:49,7/17/2023 14:54,299,Separator,3.6,0.61,Separator Component Leak,Fugitive
7/17/2023 14:50,7/17/2023 14:52,120,Tank,3,0.6408,Tank Thief Hatch Leak,Fugitive
7/17/2023 14:52,7/17/2023 14:54,119,Well Head,0.92,0.3458,Wellhead Component Leak,Fugitive
7/17/2023 14:53,7/17/2023 14:56,180,Well Head,1,0.366,Wellhead Component Leak,Fugitive
7/17/2023 14:53,7/17/2023 14:56,180,Tank,5.9,1.8894,Tank Thief Hatch Leak,Fugitive
7/17/2023 14:54,7/17/2023 15:54,3600,Well Head,0.92,0.3458,Wellhead Component Leak,Fugitive
7/17/2023 14:54,7/17/2023 15:54,3600,Tank,3,0.6408,Tank Thief Hatch Leak,Fugitive
7/17/2023 14:54,7/17/2023 15:54,3600,Separator,4.3,0.9481,Separator Component Leak,Fugitive
7/17/2023 14:54,7/17/2023 15:54,3601,Separator,2.1,0.2522,Separator Pneumatic Emissions,Vented
7/17/2023 14:55,7/17/2023 15:00,300,Well Head,0,0.2412,Wellhead Component Leak,Fugitive
7/17/2023 14:55,7/17/2023 15:00,300,Well Head,0.4,0.6631,Wellhead Component Leak,Fugitive
7/17/2023 14:57,7/17/2023 15:00,180,Well Head,2,0.8491,Wellhead Component Leak,Fugitive
7/17/2023 15:00,7/17/2023 15:12,770,Well Head,1,0.366,Wellhead Component Leak,Fugitive
7/17/2023 15:00,7/17/2023 15:12,770,Well Head,2,0.8491,Wellhead Component Leak,Fugitive
7/17/2023 15:00,7/17/2023 15:12,770,Tank,5.9,1.8986,Tank Thief Hatch Leak,Fugitive
7/17/2023 15:00,7/17/2023 15:10,594,Well Head,0,0.2412,Wellhead Component Leak,Fugitive
7/17/2023 15:00,7/17/2023 15:10,594,Well Head,0.4,0.6631,Wellhead Component Leak,Fugitive
7/17/2023 15:00,7/17/2023 15:10,594,Separator,1.2,0.1439,Separator Pneumatic Emissions,Vented
7/17/2023 15:00,7/17/2023 15:10,594,Separator,3.6,0.61,Separator Component Leak,Fugitive
7/17/2023 15:12,7/17/2023 15:15,180,Well Head,1.1,0.2115,Wellhead Component Leak,Fugitive
7/17/2023 15:12,7/17/2023 15:15,181,Well Head,0.4,0.6628,Wellhead Component Leak,Fugitive
7/17/2023 15:13,7/17/2023 15:16,181,Well Head,1,0.3514,Wellhead Component Leak,Fugitive
7/17/2023 15:13,7/17/2023 15:16,180,Tank,5.9,1.8765,Tank Thief Hatch Leak,Fugitive
7/17/2023 15:15,7/17/2023 15:18,180,Well Head,1.5,0.5763,Wellhead Component Leak,Fugitive
7/17/2023 15:17,7/17/2023 15:20,180,Well Head,2,0.8536,Wellhead Component Leak,Fugitive
7/17/2023 15:18,7/17/2023 15:21,180,Well Head,0.8,1.2917,Wellhead Component Leak,Fugitive
7/17/2023 15:20,7/17/2023 16:20,3600,Well Head,1,0.3514,Wellhead Component Leak,Fugitive
7/17/2023 15:20,7/17/2023 16:20,3600,Well Head,2,0.8536,Wellhead Component Leak,Fugitive
7/17/2023 15:20,7/17/2023 16:20,3600,Tank,5.9,1.9155,Tank Thief Hatch Leak,Fugitive
7/17/2023 15:21,7/17/2023 15:41,1179,Well Head,0.4,0.6628,Wellhead Component Leak,Fugitive
7/17/2023 15:21,7/17/2023 15:41,1179,Well Head,0.8,1.2917,Wellhead Component Leak,Fugitive
7/17/2023 15:22,7/17/2023 15:41,1178,Well Head,1.1,0.2115,Wellhead Component Leak,Fugitive
7/17/2023 15:42,7/17/2023 15:45,180,Separator,0.5,0.1448,Separator Pneumatic Emissions,Vented
7/17/2023 15:42,7/17/2023 15:45,181,Separator,1.3,0.3267,Separator Component Leak,Fugitive
7/17/2023 15:46,7/17/2023 15:49,180,Well Head,0.8,1.9937,Wellhead Component Leak,Fugitive
7/17/2023 15:46,7/17/2023 15:49,180,Well Head,0.9,0.2126,Wellhead Component Leak,Fugitive
7/17/2023 15:49,7/17/2023 16:24,2130,Well Head,0.8,1.9937,Wellhead Component Leak,Fugitive
7/17/2023 15:49,7/17/2023 16:24,2130,Well Head,0.9,0.2126,Wellhead Component Leak,Fugitive
7/17/2023 15:49,7/17/2023 16:24,2130,Separator,1.3,0.3267,Separator Component Leak,Fugitive
7/17/2023 16:16,7/17/2023 16:18,120,Separator,2.1,0.2515,Separator Pneumatic Emissions,Vented
7/17/2023 16:16,7/17/2023 16:18,120,Separator,4.3,0.9624,Separator Component Leak,Fugitive
7/17/2023 16:18,7/17/2023 16:20,120,Tank,3,0.6572,Tank Thief Hatch Leak,Fugitive
7/17/2023 16:20,7/17/2023 16:38,1082,Well Head,1,0.3514,Wellhead Component Leak,Fugitive
7/17/2023 16:20,7/17/2023 16:38,1082,Well Head,2,0.8536,Wellhead Component Leak,Fugitive
7/17/2023 16:20,7/17/2023 16:38,1083,Tank,5.9,1.9349,Tank Thief Hatch Leak,Fugitive
7/17/2023 16:20,7/17/2023 16:22,120,Well Head,0.92,0.3563,Wellhead Component Leak,Fugitive
7/17/2023 16:22,7/17/2023 16:34,710,Well Head,0.92,0.3563,Wellhead Component Leak,Fugitive
7/17/2023 16:22,7/17/2023 16:34,710,Separator,2.1,0.2513,Separator Pneumatic Emissions,Vented
7/17/2023 16:22,7/17/2023 16:34,710,Tank,3,0.6572,Tank Thief Hatch Leak,Fugitive
7/17/2023 16:22,7/17/2023 16:34,710,Separator,4.3,0.9624,Separator Component Leak,Fugitive
7/17/2023 16:25,7/17/2023 16:27,120,Well Head,1.1,0.1134,Wellhead Component Leak,Fugitive
7/17/2023 16:27,7/17/2023 16:29,119,Well Head,0.75,0.131,Wellhead Component Leak,Fugitive
7/17/2023 16:29,7/17/2023 16:57,1671,Well Head,0.75,0.131,Wellhead Component Leak,Fugitive
7/17/2023 16:29,7/17/2023 16:57,1671,Well Head,1.1,0.1134,Wellhead Component Leak,Fugitive
7/18/2023 8:18,7/18/2023 8:21,180,Separator,1.5,0.0531,Separator Pneumatic Emissions,Vented
7/18/2023 8:18,7/18/2023 8:21,180,Separator,2,0.4966,Separator Component Leak,Fugitive
7/18/2023 8:19,7/18/2023 8:22,180,Separator,2.2,0.6138,Separator Component Leak,Fugitive
7/18/2023 8:19,7/18/2023 8:21,119,Well Head,1.1,0.1045,Wellhead Component Leak,Fugitive
7/18/2023 8:21,7/18/2023 8:23,119,Well Head,0.75,0.1317,Wellhead Component Leak,Fugitive
7/18/2023 8:22,7/18/2023 8:25,180,Tank,1.05,0.3583,Tank Thief Hatch Leak,Fugitive
7/18/2023 8:22,7/18/2023 8:25,179,Tank,4.4,0.1788,Tank Thief Hatch Leak,Fugitive
7/18/2023 8:23,7/18/2023 8:26,180,Tank,5.8,1.1396,Tank Thief Hatch Leak,Fugitive
7/18/2023 8:23,7/18/2023 8:56,1951,Well Head,0.75,0.1317,Wellhead Component Leak,Fugitive
7/18/2023 8:23,7/18/2023 8:56,1951,Well Head,1.1,0.1045,Wellhead Component Leak,Fugitive
7/18/2023 8:26,7/18/2023 9:09,2577,Separator,2.2,0.6138,Separator Component Leak,Fugitive
7/18/2023 8:26,7/18/2023 9:09,2577,Tank,5.8,1.1396,Tank Thief Hatch Leak,Fugitive
7/18/2023 8:26,7/18/2023 8:29,180,Well Head,1.9,0.0209,Wellhead Pneumatic Emissions,Vented
7/18/2023 8:26,7/18/2023 8:29,179,Well Head,0.95,0.5728,Wellhead Component Leak,Fugitive
7/18/2023 8:29,7/18/2023 9:44,4489,Well Head,0.95,0.5728,Wellhead Component Leak,Fugitive
7/18/2023 8:29,7/18/2023 9:44,4489,Tank,1.05,0.3583,Tank Thief Hatch Leak,Fugitive
7/18/2023 8:29,7/18/2023 9:44,4489,Separator,1.5,0.0531,Separator Pneumatic Emissions,Vented
7/18/2023 8:29,7/18/2023 9:44,4489,Well Head,1.9,0.0209,Wellhead Pneumatic Emissions,Vented
7/18/2023 8:29,7/18/2023 9:44,4489,Separator,2,0.4966,Separator Component Leak,Fugitive
7/18/2023 8:29,7/18/2023 9:44,4489,Tank,4.4,0.1788,Tank Thief Hatch Leak,Fugitive
7/18/2023 8:56,7/18/2023 8:57,25,Well Head,1.1,0.3626,Wellhead Component Leak,Fugitive
7/18/2023 8:58,7/18/2023 9:07,531,Well Head,1.1,0.3626,Wellhead Component Leak,Fugitive
7/18/2023 9:07,7/18/2023 9:09,90,Separator,1.7,1.5352,Separator Component Leak,Fugitive
7/18/2023 9:09,7/18/2023 9:12,180,Separator,2.2,0.6039,Separator Component Leak,Fugitive
7/18/2023 9:09,7/18/2023 9:11,90,Separator,1.5,0.682,Separator Component Leak,Fugitive
7/18/2023 9:11,7/18/2023 9:47,2196,Separator,1.5,0.682,Separator Component Leak,Fugitive
7/18/2023 9:11,7/18/2023 9:47,2196,Separator,1.7,1.5352,Separator Component Leak,Fugitive
7/18/2023 9:13,7/18/2023 9:16,179,Tank,5.8,1.1124,Tank Thief Hatch Leak,Fugitive
7/18/2023 9:16,7/18/2023 9:34,1080,Separator,2.2,0.6039,Separator Component Leak,Fugitive
7/18/2023 9:16,7/18/2023 9:34,1080,Tank,5.8,1.1124,Tank Thief Hatch Leak,Fugitive
7/18/2023 9:45,7/18/2023 9:48,180,Well Head,2.1,0.0912,Wellhead Pneumatic Emissions,Vented
7/18/2023 9:45,7/18/2023 9:48,180,Separator,3.5,0.4747,Separator Component Leak,Fugitive
7/18/2023 9:46,7/18/2023 9:49,180,Tank,3,0.575,Tank Thief Hatch Leak,Fugitive
7/18/2023 9:46,7/18/2023 9:49,179,Separator,1.5,0.1991,Separator Pneumatic Emissions,Vented
7/18/2023 9:48,7/18/2023 9:50,121,Separator,0.8,0.1171,Separator Pneumatic Emissions,Vented
7/18/2023 9:49,7/18/2023 9:52,180,Tank,5.4,1.9135,Tank Thief Hatch Leak,Fugitive
7/18/2023 9:50,7/18/2023 9:53,180,Tank,0.75,0.1962,Tank Thief Hatch Leak,Fugitive
7/18/2023 9:50,7/18/2023 9:53,180,Well Head,0.95,0.9609,Wellhead Component Leak,Fugitive
7/18/2023 9:50,7/18/2023 9:52,121,Well Head,0.9,0.1133,Wellhead Component Leak,Fugitive
7/18/2023 9:52,7/18/2023 10:35,2609,Separator,0.8,0.1171,Separator Pneumatic Emissions,Vented
7/18/2023 9:52,7/18/2023 10:35,2609,Well Head,0.9,0.1133,Wellhead Component Leak,Fugitive
7/18/2023 9:52,7/18/2023 10:23,1871,Separator,3.5,0.4747,Separator Component Leak,Fugitive
7/18/2023 9:52,7/18/2023 10:23,1871,Tank,5.4,1.9135,Tank Thief Hatch Leak,Fugitive
7/18/2023 9:52,7/18/2023 10:23,1870,Well Head,2.1,0.0931,Wellhead Pneumatic Emissions,Vented
7/18/2023 9:54,7/18/2023 9:57,180,Well Head,1.3,0.0542,Wellhead Pneumatic Emissions,Vented
7/18/2023 9:57,7/18/2023 10:15,1081,Tank,0.75,0.1962,Tank Thief Hatch Leak,Fugitive
7/18/2023 9:57,7/18/2023 10:15,1081,Well Head,1.3,0.0542,Wellhead Pneumatic Emissions,Vented
7/18/2023 9:57,7/18/2023 10:15,1081,Separator,1.5,0.1991,Separator Pneumatic Emissions,Vented
7/18/2023 9:57,7/18/2023 10:15,1080,Well Head,0.95,0.9609,Wellhead Component Leak,Fugitive
7/18/2023 9:57,7/18/2023 10:15,1080,Tank,3,0.575,Tank Thief Hatch Leak,Fugitive
7/18/2023 10:17,7/18/2023 10:20,180,Separator,1.5,0.199,Separator Pneumatic Emissions,Vented
7/18/2023 10:17,7/18/2023 10:20,180,Tank,3,0.5722,Tank Thief Hatch Leak,Fugitive
7/18/2023 10:21,7/18/2023 10:24,181,Tank,0.75,0.1957,Tank Thief Hatch Leak,Fugitive
7/18/2023 10:21,7/18/2023 10:24,181,Well Head,0.95,0.9508,Wellhead Component Leak,Fugitive
7/18/2023 10:24,7/18/2023 10:27,180,Well Head,2.1,0.0952,Wellhead Pneumatic Emissions,Vented
7/18/2023 10:24,7/18/2023 10:27,180,Separator,3.5,0.4644,Separator Component Leak,Fugitive
7/18/2023 10:25,7/18/2023 10:28,180,Well Head,1.3,0.054,Wellhead Pneumatic Emissions,Vented
7/18/2023 10:28,7/18/2023 12:28,7200,Well Head,0.95,0.9508,Wellhead Component Leak,Fugitive
7/18/2023 10:28,7/18/2023 12:28,7200,Tank,3,0.5722,Tank Thief Hatch Leak,Fugitive
7/18/2023 10:28,7/18/2023 12:28,7201,Tank,0.75,0.1957,Tank Thief Hatch Leak,Fugitive
7/18/2023 10:28,7/18/2023 12:28,7201,Well Head,1.3,0.054,Wellhead Pneumatic Emissions,Vented
7/18/2023 10:28,7/18/2023 12:28,7201,Separator,1.5,0.199,Separator Pneumatic Emissions,Vented
7/18/2023 10:28,7/18/2023 10:31,181,Tank,5.4,1.9052,Tank Thief Hatch Leak,Fugitive
7/18/2023 10:31,7/18/2023 10:57,1548,Well Head,2.1,0.0955,Wellhead Pneumatic Emissions,Vented
7/18/2023 10:31,7/18/2023 10:57,1546,Separator,3.5,0.4644,Separator Component Leak,Fugitive
7/18/2023 10:31,7/18/2023 10:57,1546,Tank,5.4,1.9052,Tank Thief Hatch Leak,Fugitive
7/18/2023 10:36,7/18/2023 10:38,120,Separator,0.8,0.1176,Separator Pneumatic Emissions,Vented
7/18/2023 10:38,7/18/2023 10:40,120,Well Head,0.9,0.1134,Wellhead Component Leak,Fugitive
7/18/2023 10:40,7/18/2023 11:28,2889,Separator,0.8,0.1176,Separator Pneumatic Emissions,Vented
7/18/2023 10:40,7/18/2023 11:28,2889,Well Head,0.9,0.1134,Wellhead Component Leak,Fugitive
7/18/2023 11:01,7/18/2023 11:47,2778,Well Head,1,0.0957,Wellhead Pneumatic Emissions,Vented
7/18/2023 11:01,7/18/2023 11:47,2779,Separator,1.1,0.1644,Separator Pneumatic Emissions,Vented
7/18/2023 12:31,7/18/2023 12:34,180,Separator,1.5,0.1993,Separator Pneumatic Emissions,Vented
7/18/2023 12:31,7/18/2023 12:34,181,Tank,3,0.5797,Tank Thief Hatch Leak,Fugitive
7/18/2023 12:35,7/18/2023 12:38,180,Well Head,0.95,0.9669,Wellhead Component Leak,Fugitive
7/18/2023 12:35,7/18/2023 12:38,181,Tank,0.75,0.196,Tank Thief Hatch Leak,Fugitive
7/18/2023 12:39,7/18/2023 12:42,180,Well Head,1.3,0.0543,Wellhead Pneumatic Emissions,Vented
7/18/2023 12:42,7/18/2023 13:42,3600,Well Head,0.95,0.9669,Wellhead Component Leak,Fugitive
7/18/2023 12:42,7/18/2023 13:42,3600,Tank,3,0.5797,Tank Thief Hatch Leak,Fugitive
7/18/2023 12:42,7/18/2023 13:46,3851,Tank,0.75,0.196,Tank Thief Hatch Leak,Fugitive
7/18/2023 12:42,7/18/2023 13:46,3851,Well Head,1.3,0.0543,Wellhead Pneumatic Emissions,Vented
7/18/2023 12:42,7/18/2023 13:46,3851,Separator,1.5,0.1993,Separator Pneumatic Emissions,Vented
7/18/2023 12:46,7/18/2023 12:48,120,Separator,0.8,0.1172,Separator Pneumatic Emissions,Vented
7/18/2023 12:48,7/18/2023 12:50,120,Well Head,0.9,0.1143,Wellhead Component Leak,Fugitive
7/18/2023 12:50,7/18/2023 13:20,1813,Separator,0.8,0.1172,Separator Pneumatic Emissions,Vented
7/18/2023 12:50,7/18/2023 13:20,1813,Well Head,0.9,0.1143,Wellhead Component Leak,Fugitive
7/18/2023 13:21,7/18/2023 13:22,90,Separator,1.7,1.5973,Separator Component Leak,Fugitive
7/18/2023 13:22,7/18/2023 13:25,180,Well Head,1,0.372,Wellhead Component Leak,Fugitive
7/18/2023 13:22,7/18/2023 13:25,181,Tank,5.9,1.9085,Tank Thief Hatch Leak,Fugitive
7/18/2023 13:23,7/18/2023 13:24,90,Separator,1.5,0.6938,Separator Component Leak,Fugitive
7/18/2023 13:24,7/18/2023 13:41,1032,Separator,1.5,0.6938,Separator Component Leak,Fugitive
7/18/2023 13:24,7/18/2023 13:41,1032,Separator,1.7,1.5973,Separator Component Leak,Fugitive
7/18/2023 13:26,7/18/2023 13:29,180,Well Head,2,0.8731,Wellhead Component Leak,Fugitive
7/18/2023 13:29,7/18/2023 14:20,3057,Well Head,1,0.372,Wellhead Component Leak,Fugitive
7/18/2023 13:29,7/18/2023 14:20,3057,Well Head,2,0.8731,Wellhead Component Leak,Fugitive
7/18/2023 13:29,7/18/2023 14:20,3057,Tank,5.9,1.9379,Tank Thief Hatch Leak,Fugitive
7/18/2023 13:42,7/18/2023 13:46,250,Well Head,0.95,0.9669,Wellhead Component Leak,Fugitive
7/18/2023 13:42,7/18/2023 13:46,250,Tank,3,0.5797,Tank Thief Hatch Leak,Fugitive
7/18/2023 13:42,7/18/2023 13:44,91,Separator,1.7,1.5063,Separator Component Leak,Fugitive
7/18/2023 13:44,7/18/2023 13:45,90,Separator,1.5,0.6753,Separator Component Leak,Fugitive
7/18/2023 13:45,7/18/2023 13:46,35,Separator,1.5,0.6753,Separator Component Leak,Fugitive
7/18/2023 13:45,7/18/2023 13:46,35,Separator,1.7,1.5063,Separator Component Leak,Fugitive
7/18/2023 13:52,7/18/2023 14:20,1686,Separator,0.5,0.26,Separator Pneumatic Emissions,Vented
7/18/2023 13:56,7/18/2023 14:20,1416,Separator,2.2,0.4879,Separator Component Leak,Fugitive
7/18/2023 13:57,7/18/2023 14:20,1415,Well Head,1.5,0.0743,Wellhead Pneumatic Emissions,Vented
7/18/2023 14:23,7/18/2023 14:28,301,Separator,2.44,0.2214,Separator Pneumatic Emissions,Vented
7/18/2023 14:25,7/18/2023 14:49,1447,Well Head,1.1,0.6772,Wellhead Component Leak,Fugitive
7/18/2023 14:25,7/18/2023 14:49,1447,Separator,3.5,0.5521,Separator Component Leak,Fugitive
7/18/2023 14:27,7/18/2023 14:57,1751,Separator,0.5,0.2601,Separator Pneumatic Emissions,Vented
7/18/2023 14:29,7/18/2023 14:34,300,Tank,0.88,0.5032,Tank Thief Hatch Leak,Fugitive
7/18/2023 14:35,7/18/2023 14:40,299,Well Head,1.9,0.3599,Wellhead Component Leak,Fugitive
7/18/2023 14:40,7/18/2023 15:14,2029,Tank,0.88,0.5032,Tank Thief Hatch Leak,Fugitive
7/18/2023 14:40,7/18/2023 15:14,2029,Well Head,1.9,0.3599,Wellhead Component Leak,Fugitive
7/18/2023 14:40,7/18/2023 15:14,2029,Separator,2.44,0.2214,Separator Pneumatic Emissions,Vented
7/18/2023 14:57,7/18/2023 14:58,90,Separator,3.6,0.7415,Separator Component Leak,Fugitive
7/18/2023 14:59,7/18/2023 15:00,89,Well Head,0.6,0.636,Wellhead Component Leak,Fugitive
7/18/2023 15:01,7/18/2023 15:02,89,Well Head,0.4,0.6904,Wellhead Component Leak,Fugitive
7/18/2023 15:02,7/18/2023 15:04,89,Well Head,1.1,0.3626,Wellhead Component Leak,Fugitive
7/18/2023 15:04,7/18/2023 15:28,1473,Well Head,0.4,0.6904,Wellhead Component Leak,Fugitive
7/18/2023 15:04,7/18/2023 15:28,1473,Well Head,0.6,0.636,Wellhead Component Leak,Fugitive
7/18/2023 15:04,7/18/2023 15:28,1473,Well Head,1.1,0.3626,Wellhead Component Leak,Fugitive
7/18/2023 15:04,7/18/2023 15:28,1473,Separator,3.6,0.7415,Separator Component Leak,Fugitive
7/18/2023 15:14,7/18/2023 15:17,180,Separator,1.5,0.0528,Separator Pneumatic Emissions,Vented
7/18/2023 15:14,7/18/2023 15:17,180,Separator,2,0.4857,Separator Component Leak,Fugitive
7/18/2023 15:16,7/18/2023 16:10,3227,Well Head,1.1,0.6786,Wellhead Component Leak,Fugitive
7/18/2023 15:16,7/18/2023 16:10,3227,Separator,1.3,0.6301,Separator Component Leak,Fugitive
7/18/2023 15:18,7/18/2023 15:21,180,Tank,1.05,0.3508,Tank Thief Hatch Leak,Fugitive
7/18/2023 15:18,7/18/2023 15:21,180,Tank,4.4,0.177,Tank Thief Hatch Leak,Fugitive
7/18/2023 15:22,7/18/2023 15:25,181,Well Head,0.95,0.5633,Wellhead Component Leak,Fugitive
7/18/2023 15:22,7/18/2023 15:25,179,Well Head,1.9,0.0217,Wellhead Pneumatic Emissions,Vented
7/18/2023 15:25,7/18/2023 16:25,3600,Separator,1.5,0.0528,Separator Pneumatic Emissions,Vented
7/18/2023 15:25,7/18/2023 16:25,3600,Well Head,1.9,0.0217,Wellhead Pneumatic Emissions,Vented
7/18/2023 15:25,7/18/2023 16:25,3600,Tank,4.4,0.177,Tank Thief Hatch Leak,Fugitive
7/18/2023 15:25,7/18/2023 16:25,3599,Well Head,0.95,0.5633,Wellhead Component Leak,Fugitive
7/18/2023 15:25,7/18/2023 16:25,3599,Tank,1.05,0.3508,Tank Thief Hatch Leak,Fugitive
7/18/2023 15:25,7/18/2023 16:25,3599,Separator,2,0.4857,Separator Component Leak,Fugitive
7/18/2023 15:29,7/18/2023 15:49,1212,Separator,0.5,0.2599,Separator Pneumatic Emissions,Vented
7/18/2023 15:49,7/18/2023 15:51,119,Separator,0.8,0.1093,Separator Pneumatic Emissions,Vented
7/18/2023 15:52,7/18/2023 15:54,120,Well Head,0.9,0.1143,Wellhead Component Leak,Fugitive
7/18/2023 15:54,7/18/2023 16:14,1200,Separator,0.8,0.1093,Separator Pneumatic Emissions,Vented
7/18/2023 15:54,7/18/2023 16:14,1200,Well Head,0.9,0.1143,Wellhead Component Leak,Fugitive
7/18/2023 16:14,7/18/2023 16:16,120,Separator,0.8,0.1177,Separator Pneumatic Emissions,Vented
7/18/2023 16:16,7/18/2023 16:18,119,Well Head,0.9,0.1058,Wellhead Component Leak,Fugitive
7/18/2023 16:18,7/18/2023 17:03,2700,Separator,0.8,0.1177,Separator Pneumatic Emissions,Vented
7/18/2023 16:18,7/18/2023 17:03,2700,Well Head,0.9,0.1058,Wellhead Component Leak,Fugitive
7/18/2023 16:25,7/18/2023 16:37,687,Well Head,0.95,0.5633,Wellhead Component Leak,Fugitive
7/18/2023 16:25,7/18/2023 16:37,687,Tank,1.05,0.3508,Tank Thief Hatch Leak,Fugitive
7/18/2023 16:25,7/18/2023 16:37,687,Separator,1.5,0.0528,Separator Pneumatic Emissions,Vented
7/18/2023 16:25,7/18/2023 16:37,687,Well Head,1.9,0.0217,Wellhead Pneumatic Emissions,Vented
7/18/2023 16:25,7/18/2023 16:37,687,Separator,2,0.4857,Separator Component Leak,Fugitive
7/18/2023 16:25,7/18/2023 16:37,687,Tank,4.4,0.177,Tank Thief Hatch Leak,Fugitive
